చూసేరా	VERB
అండీ	PART
?	PUNCT

ఎక్కడికి	NOUN
వెళ్తున్నారండీ	VERB
?	PUNCT

ఎప్పుడోయ్	PRON
అమెరికా	PROPN
నించి	ADP
రావటం	VERB
?	PUNCT

ఎందుకయ్యా	PRON
ఈ	DET
బాధ	NOUN
?	PUNCT

ఇంటికి	NOUN
పోరా	VERB
!	PUNCT

పోయి	VERB
నీ	PRON
తాతతో	NOUN
చెప్పరా	VERB
!	PUNCT

బళ్ళు	NOUN
సిద్ధం	VERB
చేయండిరా	VERB
!	PUNCT

పోయి	VERB
మీ	PRON
పనులు	NOUN
చేసుకోండిరా	VERB
!	PUNCT

అబద్దం	NOUN
చెబుతానుటరా	VERB
?	PUNCT

ఈ	DET
రెండు	NUM
అక్షరాలు	NOUN
దిద్దుకోవే	VERB
!	PUNCT

వాణ్ణి	PRON
కూడా	ADP
పిలవవే	VERB
!	PUNCT

ఎక్కడ	ADV
ఉన్నావమ్మా	VERB
ఇప్పటిదాకా	ADV
?	PUNCT

రాము	PROPN
ఎల్లుండి	ADV
మద్రాసు	PROPN
వెళ్తాడు	VERB
.	PUNCT

రాము	PROPN
రేపో	NOUN
ఎల్లుండో	NOUN
మద్రాసు	NOUN
వెళ్తాడు	VERB
.	PUNCT

రాము	PROPN
రేపన్నా	NOUN
ఎల్లుండన్నా	NOUN
మద్రాసు	PROPN
వెళ్తాడు	VERB
.	PUNCT

మీరు	PRON
ఈ	DET
పని	NOUN
చెయ్యాలి	VERB
.	PUNCT

నేను	PRON
ఈ	DET
పని	NOUN
చెయ్యాలి	VERB
.	PUNCT

మీరన్నా	PRON
నేనన్నా	PRON
ఈ	DET
పని	NOUN
చెయ్యాలి	VERB
.	PUNCT

రాము	PROPN
వస్తాడో	VERB
,	PUNCT
రాడో	VERB
.	PUNCT

దేవుడు	NOUN
ఉన్నాడో	VERB
,	PUNCT
లేడో	VERB
.	PUNCT

మళ్ళీ	ADV
నిన్ను	PRON
చూడగలనో	VERB
,	PUNCT
లేదో	VERB
.	PUNCT

ఆమెకి	PRON
అప్పటికి	ADV
పదమూడు	NUM
సంవత్సరాలు	NOUN
దాటేయో	VERB
లేదో	VERB
,	PUNCT
గాని	CCONJ
అప్పటికే	NOUN
బాగా	ADV
ఏపారిగా	ADV
ఉండేది	VERB
.	PUNCT

అడవిలో	NOUN
కాలు	NOUN
పెట్టేనో	VERB
లేదో	VERB
,	PUNCT
పెద్ద	ADJ
పులి	NOUN
కనబడింది	VERB
.	PUNCT

తిలక్	PROPN
మహాశయుడి	NOUN
చావు	NOUN
గురించి	ADP
జనం	NOUN
మరిచేరో	VERB
లేదో	VERB
,	PUNCT
గాంధీ	PROPN
ముందుకు	NOUN
వచ్చేరు	VERB
.	PUNCT

తరవాతి	NOUN
పని	NOUN
ఏమిటి	PRON
?	PUNCT

అతని	PRON
తరవాత	ADP
ఎవరు	PRON
?	PUNCT

తరవాత	ADV
వెళ్ళండి	VERB
.	PUNCT

ఈ	DET
లోకంలో	NOUN
అబద్దం	NOUN
ఆడనివాడు	NOUN
లేడు	VERB
.	PUNCT

ఈ	DET
ఊళ్ళో	NOUN
అబద్దం	NOUN
ఆడనివాడు	NOUN
లేడు	VERB
.	PUNCT

అతను	PRON
ఇంత	DET
చిన్న	ADJ
ఇంట్లో	NOUN
ఉన్నాడు	VERB
.	PUNCT

మీకు	NOUN
ఎంత	DET
మంచి	ADJ
తోట	NOUN
ఉన్నది	VERB
!	PUNCT

మీ	PRON
ఊరు	NOUN
ఇక్కడికి	NOUN
ఎంత	DET
దూరం	NOUN
?	PUNCT

నేను	NOUN
మీ	PRON
ఊళ్ళో	NOUN
కొంత	DET
కాలం	NOUN
గడిపేను	VERB
.	PUNCT

ఇడుగోనండి	PRON
అద్దె	NOUN
!	PUNCT

అదుగో	INTJ
!	PUNCT
గుర్రం	NOUN
పరుగెత్తుతున్నది	VERB
!	PUNCT

అరుగో	INTJ
మీ	PRON
నాన్నగారు	NOUN
వచ్చేరు	VERB
!	PUNCT

అడుగో	INTJ
మీ	PRON
తమ్ముడు	NOUN
!	PUNCT

తాళం	NOUN
చెవి	NOUN
ఏదీ	PRON
?	PUNCT

మీ	PRON
మనమడు	NOUN
ఏడీ	PRON
?	PUNCT

మీ	PRON
మామగారు	NOUN
ఏరీ	PRON
?	PUNCT

అతను	PRON
మద్రాసునుంచి	NOUN
వచ్చేడు	VERB
.	PUNCT

నేను	PRON
ఉద్యోగం	NOUN
కోసం	ADP
వెళ్ళేను	VERB
.	PUNCT

ఆమె	PRON
నాకంటే	PRON
చిన్న	NOUN
.	PUNCT

మా	PRON
ఊరు	NOUN
ఈ	DET
ఊరికి	NOUN
తూర్పున	NOUN
ఉంది	VERB
.	PUNCT

నేను	PRON
అతని	PRON
ద్వారా	ADP
పుస్తకం	NOUN
పంపుతాను	VERB
.	PUNCT

వారు	PRON
ఎప్పుడు	ADV
వస్తారు	VERB
?	PUNCT

వారు	PRON
ఎప్పుడు	ADV
వచ్చేరు	VERB
?	PUNCT

మనం	PRON
ఎందుకు	ADV
అన్నం	NOUN
తిన్నాం	VERB
?	PUNCT

వారు	PRON
ఎప్పుడు	ADV
రావటం	VERB
?	PUNCT

నేను	PRON
ఇంటికి	NOUN
వెళ్ళాలి	VERB
.	PUNCT

మేము	PRON
భోజనం	NOUN
చెయ్యాలి	VERB
.	PUNCT

మీరు	PRON
మా	PRON
ఊరికి	NOUN
రావాలి	VERB
.	PUNCT

వాడు	PRON
రేపు	NOUN
పోవాలి	VERB
.	PUNCT

పాఠం	NOUN
నేర్చుకోవాలి	VERB
.	PUNCT

మీరు	PRON
గట్టిగా	ADV
చెప్పాల్సి	VERB
వచ్చింది	VERB
.	PUNCT

నేను	PRON
ఆ	DET
పని	NOUN
చెయ్యాల్సి	VERB
వెళ్ళేను	VERB
.	PUNCT

నేను	PRON
అప్పటికే	ADV
వెళ్ళాల్సింది	VERB
.	PUNCT

ఇది	PRON
పుస్తకాల	NOUN
బీర్వా	NOUN
.	PUNCT

అది	PRON
కూరగాయల	NOUN
దుకాణమా	NOUN
?	PUNCT

ఇవి	PRON
మీ	PRON
స్నేహితుల	NOUN
పుస్తకాలా	NOUN
?	PUNCT

రాము	PROPN
ఆలస్యంగా	ADV
వచ్చేడు	VERB
అని	SCONJ
కమలకు	PROPN
కోపం	NOUN
వచ్చింది	VERB
.	PUNCT

ఒంటికి	NOUN
మంచిది	NOUN
కాదు	VERB
అని	SCONJ
నేను	PRON
సిగరెట్లు	NOUN
తాగటం	VERB
మానేసేను	VERB
.	PUNCT

మొన్న	NOUN
నేను	PRON
ఊళ్ళో	NOUN
లేను	VERB
.	PUNCT

నిన్న	NOUN
నువ్వు	PRON
ఆఫీసులో	NOUN
లేను	VERB
.	PUNCT

ఆమెకి	PRON
భర్త	NOUN
లేడు	VERB
.	PUNCT

వాడికి	PRON
బుద్ధి	NOUN
లేదు	VERB
.	PUNCT

నిన్న	NOUN
మీరు	PRON
ఊళ్ళో	NOUN
లేరు	VERB
.	PUNCT

వాళ్ళు	PRON
అక్కడ	ADV
లేరు	VERB
.	PUNCT

అప్పుడు	ADV
చెరువులో	NOUN
నీళ్ళు	NOUN
లేవు	VERB
.	PUNCT

ఇప్పుడు	ADV
ఊళ్ళో	NOUN
జనం	NOUN
లేరు	VERB
.	PUNCT

ఆయన	PRON
ఇప్పుడు	ADV
కులాసాగా	ADV
లేడు	VERB
.	PUNCT

నువ్వు	PRON
వెళ్ళు	VERB
!	PUNCT

మీరు	PRON
వెళ్ళండి	VERB
!	PUNCT

అతను	PRON
"	PUNCT
నువ్వు	PRON
వెళ్ళు	VERB
"	PUNCT
అన్నాడు	VERB
.	PUNCT

నేను	PRON
మిమ్మలని	PRON
పిలిచేను	VERB
.	PUNCT

ఎవరు	PRON
నన్ను	PRON
పిలిచేరు	VERB
?	PUNCT

ఎవరో	PRON
వాణ్ణి	PRON
పిలిచేరు	VERB
.	PUNCT

మీ	PRON
అబ్బాయిని	NOUN
మా	PRON
ఇంటికి	NOUN
పంపండి	VERB
.	PUNCT

అతను	PRON
పిల్లవాణ్ణి	NOUN
కొట్టేడు	VERB
.	PUNCT

మీ	PRON
నాన్నగార్ని	NOUN
పిలవండి	VERB
.	PUNCT

నాకు	PRON
ఈ	DET
జాబు	NOUN
రాసి	VERB
పెట్టు	VERB
.	PUNCT

నా	PRON
పని	NOUN
వాడే	PRON
చేసి	VERB
పెట్టేడు	VERB
.	PUNCT

వాడు	PRON
అన్నం	NOUN
తినకుండా	VERB
వెళ్ళేడు	VERB
.	PUNCT

ఆయన	PRON
రాకుండా	VERB
,	PUNCT
మీరు	PRON
రారు	VERB
.	PUNCT

తెలియకుండా	VERB
మాట్లాడకు	VERB
.	PUNCT

భోజనం	NOUN
చేయకుండా	VERB
ఎవరు	PRON
ఉంటారు	VERB
?	PUNCT

వాడికి	PRON
తెలియక	VERB
,	PUNCT
బాధ	NOUN
పడుతున్నాడు	VERB
.	PUNCT

వాడు	PRON
సరిగా	ADV
తినక	VERB
చిక్కిపోయాడు	VERB
.	PUNCT

నేను	PRON
చెప్పకముందు	VERB
,	PUNCT
రాకండి	VERB
.	PUNCT

ఆయన్ని	PRON
పిలవకముందు	VERB
,	PUNCT
నన్ను	PRON
పిలవండి	VERB
.	PUNCT

రాము	PROPN
వెళ్ళేడు	VERB
.	PUNCT

రాము	PROPN
ఇప్పుడే	ADV
ఊరినించి	NOUN
వచ్చేడు	VERB
.	PUNCT

రాము	PROPN
కమలకు	PROPN
పుస్తకం	NOUN
ఇచ్చేడు	VERB
.	PUNCT

అది	PRON
పుస్తకం	NOUN
కాదు	VERB
.	PUNCT

రాము	PROPN
నాకు	PRON
తమ్ముడు	NOUN
కాడు	VERB
.	PUNCT

టోకియో	PROPN
అన్ని	DET
నగరాల్లోనూ	NOUN
పెద్దది	NOUN
.	PUNCT

ఆయన	PRON
ఈ	DET
ఊరికి	NOUN
కొత్త	NOUN
కాదు	VERB
.	PUNCT

రేపు	NOUN
ఆయన్ని	PRON
కలుసుకొంటానని	VERB
రాసేను	VERB
.	PUNCT

అది	PRON
ఎలా	ADV
చేయాలా	VERB
అని	SCONJ
దిగులు	NOUN
పడుతున్నాను	VERB
.	PUNCT

జైల్నుంచి	NOUN
ఎలా	ADV
తప్పించుకోవడమా	VERB
అని	SCONJ
వాడి	PRON
ఆలోచన	NOUN
.	PUNCT

ఆ	DET
విషయం	NOUN
నీకు	PRON
ఎలా	ADV
చెప్పటమా	VERB
అని	SCONJ
ఆలోచిస్తూ	VERB
ఉన్నాను	VERB
.	PUNCT

రేపు	NOUN
ఆయన	PRON
నాకు	PRON
డబ్బు	NOUN
ఇస్తారని	VERB
నమ్ముతున్నాను	VERB
.	PUNCT

నాకు	PRON
పరిగెత్తాలి	VERB
అని	SCONJ
తోచలేదు	VERB
.	PUNCT

మీరు	PRON
పెద్దమనుషులు	NOUN
అని	SCONJ
నాకు	PRON
తెలుసు	VERB
.	PUNCT

ఒక	NUM
వంటమనిషిని	NOUN
కుదుర్చుదాం	VERB
అనుకొంటున్నాను	VERB
.	PUNCT

రేపు	NOUN
విజయవాడ	PROPN
పోదాం	VERB
అనుకొంటున్నాను	VERB
.	PUNCT

తెలుసు	VERB
,	PUNCT
మీరు	PRON
అలా	ADV
అంటారని	VERB
!	PUNCT

రామారావు	PROPN
మంచివాడు	PRON
.	PUNCT

మనం	PRON
తెలుగు	PROPN
వాళ్ళం	PRON
.	PUNCT

మనం	PRON
తెలుగు	PROPN
వాళ్ళం	PRON
కాము	VERB
.	PUNCT

మనం	PRON
తెలుగు	PROPN
వాళ్ళం	PRON
అయి	VERB
మన	PRON
భాషకు	NOUN
ఏం	PRON
చేసేం	VERB
?	PUNCT

ఆ	DET
కొండ	NOUN
ఎత్తు	NOUN
.	PUNCT

మామిడిపండు	NOUN
తీపి	NOUN
.	PUNCT

కమల	PROPN
పొడుగు	NOUN
.	PUNCT

వెంకయ్యకు	PROPN
పిచ్చి	NOUN
.	PUNCT

రమణయ్యకు	PROPN
చెవుడు	NOUN
.	PUNCT

విజయవాడలో	PROPN
చచ్చే	VERB
ఎండలు	NOUN
.	PUNCT

ఇంటికి	NOUN
మందు	NOUN
తెచ్చింది	VERB
రామయ్య	PROPN
.	PUNCT

వాడికి	PRON
ఆకలిగా	ADV
ఉంది	VERB
.	PUNCT

వాడికి	PRON
ఆకలి	NOUN
ఎక్కువ	DET
.	PUNCT

వాడు	PRON
ఆకలిగా	ADV
ఉన్నాడు	VERB
.	PUNCT

నాకు	PRON
పుస్తకం	NOUN
కావాలి	VERB
.	PUNCT

వాడికి	PRON
తెలివి	NOUN
లేదు	VERB
.	PUNCT

రమణారావు	PROPN
నిద్ర	NOUN
పోతున్నాడా	VERB
?	PUNCT

మీరు	PRON
ఇక్కడినుంచి	PRON
ఎక్కడికి	PRON
వెళ్తారు	VERB
?	PUNCT

ఎవరు	PRON
ఎవరికి	PRON
ఏం	PRON
ఎప్పుడు	ADV
ఎందుకు	ADV
ఇచ్చేరు	VERB
?	PUNCT

ఆమెకు	PRON
మొగ	ADJ
పిల్లవాడా	NOUN
?	PUNCT

ఆమెకు	PRON
ఆడపిల్లా	NOUN
?	PUNCT

ఆమెకు	PRON
మొగ	ADJ
పిల్లవాడా	NOUN
,	PUNCT
ఆడపిల్లా	NOUN
?	PUNCT

ఆయన	PRON
ప్రొఫెసరుగారా	NOUN
?	PUNCT

ఆయన	PRON
డాక్టరుగారా	NOUN
?	PUNCT

కమల	PROPN
విమల	PROPN
కంటె	ADP
తెలుపా	NOUN
?	PUNCT

కమల	PROPN
విమల	PROPN
కంటె	ADP
నలుపా	NOUN
?	PUNCT

కమల	PROPN
విమల	PROPN
కంటె	ADP
తెలుపా	NOUN
నలుపా	NOUN
?	PUNCT

ఆయన	PRON
మీకు	PRON
ఆఫీసరా	NOUN
?	PUNCT

ఆయన	PRON
మాకు	PRON
ఆఫీసరా	NOUN
?	PUNCT

ఆయన	PRON
మీకా	PRON
మాకా	PRON
ఆఫీసరు	NOUN
?	PUNCT

మీరు	PRON
అన్నం	NOUN
ఎప్పుడు	ADV
తింటారు	VERB
?	PUNCT

మా	PRON
అబ్బాయి	NOUN
రేపు	NOUN
ఊరికి	NOUN
వెళ్తాడు	VERB
.	PUNCT

మా	PRON
నాన్నగారు	NOUN
మద్రాసునుంచి	NOUN
బొమ్మలు	NOUN
తెస్తారు	NOUN
.	PUNCT

అంగట్లో	NOUN
మామిడిపండ్లు	NOUN
కొంటాను	VERB
.	PUNCT

ఎల్లుండి	NOUN
మేం	PRON
డబ్బుఇస్తాం	VERB
.	PUNCT

ఆయన	PRON
కవిత్వం	NOUN
రాస్తాడు	VERB
.	PUNCT

ఆవులు	NOUN
పాలు	NOUN
ఇస్తాయి	VERB
.	PUNCT

నువ్వు	PRON
సిగరెట్లు	NOUN
తాగుతావా	VERB
?	PUNCT

మా	PRON
అమ్మాయి	NOUN
నా	PRON
మాట	NOUN
వింటుంది	VERB
.	PUNCT

నేను	PRON
మిఠాయి	NOUN
తింటాను	VERB
.	PUNCT

మేం	PRON
ఇల్లు	NOUN
డిసెంబరులో	NOUN
కడతాం	VERB
.	PUNCT

నేను	PRON
రచయితను	NOUN
కాదు	VERB
.	PUNCT

మేం	PRON
డాక్టర్లం	NOUN
కాదు	VERB
.	PUNCT

మీరు	PRON
వెళ్ళినా	VERB
,	PUNCT
నేను	PRON
వెళ్ళను	VERB
.	PUNCT

డబ్బు	NOUN
ఉన్నా	VERB
,	PUNCT
సుఖం	NOUN
లేదు	VERB
.	PUNCT

వాడికి	PRON
తెలిసినా	VERB
చెప్పడు	VERB
.	PUNCT

తీరిక	NOUN
ఉన్నా	VERB
,	PUNCT
కోరిక	NOUN
లేదు	VERB
.	PUNCT

దేవుడు	NOUN
వరము	NOUN
ఇచ్చినా	VERB
,	PUNCT
పూజారి	NOUN
వరం	NOUN
ఇవ్వడు	VERB
.	PUNCT

డాక్టరు	NOUN
మందు	NOUN
ఇచ్చినా	VERB
,	PUNCT
రోగి	NOUN
చచ్చాడు	VERB
.	PUNCT

కమల	PROPN
మొగుడితో	NOUN
సినిమాకు	NOUN
వెళ్ళింది	VERB
.	PUNCT

కమలా	PROPN
మొగుడితో	NOUN
సినిమాకు	NOUN
వెళ్ళింది	VERB
?	PUNCT

కమల	PROPN
మొగుడితో	NOUN
సినిమాకా	NOUN
వెళ్ళింది	VERB
?	PUNCT

ఇతనే	PRON
రామయ్య	PROPN
.	PUNCT

ఇతనేనా	PRON
రామయ్య	PROPN
?	PUNCT

కూర	NOUN
బాగానే	ADV
ఉంది	VERB
.	PUNCT

ఆ	DET
చొక్కా	NOUN
తెలుపు	NOUN
.	PUNCT

మామిడిపండు	NOUN
తీపి	NOUN
.	PUNCT

నాకు	PRON
ఈ	DET
ఊరు	NOUN
కొత్త	NOUN
.	PUNCT

ఆవు	NOUN
పాలు	NOUN
పలచన	NOUN
.	PUNCT

రాము	PROPN
కమల	PROPN
పాడిన	VERB
పాట	NOUN
విన్నాడు	VERB
.	PUNCT

పాట	NOUN
పాడిన	VERB
కమల	NOUN
రాము	NOUN
వైపు	ADP
చూసింది	VERB
.	PUNCT

ఇల్లు	NOUN
లేక	VERB
కష్టపడుతున్నాను	VERB
.	PUNCT

మీ	PRON
సహాయం	NOUN
లేకుండా	VERB
,	PUNCT
ఈ	DET
పని	NOUN
ఎలా	ADV
చేస్తాను	VERB
?	PUNCT

మీరు	PRON
లేకుండా	VERB
పని	NOUN
అవుతుందా	VERB
?	PUNCT

మీరు	PRON
రాక	VERB
తప్పదు	VERB
.	PUNCT

వాళ్ళు	PRON
అతన్ని	PRON
శిక్షించక	VERB
తప్పదు	VERB
.	PUNCT

మీరు	PRON
మా	PRON
ఇంటికి	NOUN
రాక	VERB
రెండు	NUM
యేళ్ళు	NOUN
అయింది	VERB
.	PUNCT

మీరు	PRON
మా	PRON
ఇంటికి	NOUN
వచ్చి	VERB
రెండు	NUM
యేళ్ళు	NOUN
అయింది	VERB
.	PUNCT

వాడు	PRON
అన్నం	NOUN
తిని	VERB
మూడు	NUM
రోజులు	NOUN
అయింది	VERB
.	PUNCT

నేను	PRON
అప్పుడే	ADV
వెళ్ళి	VERB
ఉండాల్సింది	VERB
.	PUNCT

అతను	PRON
నిన్ననే	NOUN
వచ్చి	VERB
ఉండ	VERB
వచ్చు	VERB
.	PUNCT

తల్లీ	NOUN
!	PUNCT

శాస్త్రిగారూ	PROPN
!	PUNCT

రాముడా	PROPN
!	PUNCT

రాముడూ	PROPN
!	PUNCT

సుందరం	PROPN
!	PUNCT

మితృలారా	NOUN
!	PUNCT

సోదరులారా	NOUN
!	PUNCT

దేవుడా	NOUN
!	PUNCT
ఎక్కడున్నావు	VERB
రా	PART
?	PUNCT

ఆ	DET
బొమ్మలు	NOUN
కొందాం	VERB
.	PUNCT

ఇంటికి	NOUN
వెళ్దాం	VERB
.	PUNCT

పుస్తకం	NOUN
చదువుదాం	VERB
.	PUNCT

రేపు	NOUN
ఇక్కడికి	NOUN
వద్దాం	VERB
.	PUNCT

ఇప్పుడు	ADV
కాఫీ	NOUN
తాగుదాం	VERB
.	PUNCT

ఆయన్ని	PRON
పిలుద్దాం	VERB
.	PUNCT

వాణ్ణి	PRON
కొడదాం	VERB
.	PUNCT

ఇల్లు	NOUN
కడదాం	VERB
.	PUNCT

మీ	PRON
ఇంట్లో	NOUN
ఎన్ని	DET
గదులు	NOUN
ఉన్నాయి	VERB
?	PUNCT

మీరు	PRON
ఇన్ని	DET
తెలుగు	NOUN
పుస్తకాలు	NOUN
చదివేరా	VERB
?	PUNCT

అక్కడ	ADV
ఎందరు	DET
ఉన్నారు	VERB
?	PUNCT

నాకు	PRON
కొన్ని	DET
ఇస్తారా	VERB
?	PUNCT

ఆయన	PRON
చెప్పేది	VERB
బాగా	ADV
లేదు	VERB
.	PUNCT

శర్మగారు	PROPN
వెళ్ళింది	VERB
నాకు	PRON
తెలియదు	VERB
.	PUNCT

వాన	NOUN
కురవ(ని)	VERB
అందుకు	ADP
కారణం	NOUN
ఏమిటి	PRON
?	PUNCT

శర్మగారు	PROPN
వెళ్ళటం	VERB
నాకు	PRON
తెలియదు	VERB
.	PUNCT

శర్మగారు	PROPN
వెళ్ళింది	VERB
నాకు	PRON
తెలియదు	VERB
.	PUNCT

శర్మగారు	PROPN
వెళ్తున్నది	VERB
నాకు	PRON
తెలియదు	VERB
.	PUNCT

రాము	PROPN
వచ్చే	VERB
రోజు	NOUN
రేపు	NOUN
.	PUNCT

రాము	PROPN
ఇక్కడ	ADV
ఉన్న	VERB
పది	NUM
రోజులలో	NOUN
.	PUNCT

రాము	PROPN
ఇక్కడ	ADV
పది	NUM
రోజులు	NOUN
ఉన్నాడు	VERB
.	PUNCT

అతను	PRON
ఉపన్యాసం	NOUN
చెబుతున్న	VERB
మూడు	NUM
గంటలూ	NOUN
వాన	NOUN
కురిసింది	VERB
.	PUNCT

అబ్బాయి	NOUN
బొమ్మ	NOUN
తెచ్చేడు	VERB
.	PUNCT

బొమ్మ	NOUN
తెచ్చిన	VERB
అబ్బాయి	NOUN
ఏడుస్తున్నాడు	VERB
.	PUNCT

మేష్టారుగారు	NOUN
ఉత్తరం	NOUN
రాసేరు	VERB
.	PUNCT

ఉత్తరం	NOUN
రాసిన	VERB
మేష్టారుగారు	NOUN
ఇక్కడ	ADV
లేరు	VERB
.	PUNCT

ఇంటికి	NOUN
వచ్చిన	VERB
అబ్బాయి	NOUN
.	PUNCT

ఇంటికి	NOUN
వచ్చే	VERB
అబ్బాయి	NOUN
.	PUNCT

ఇంటికి	NOUN
వస్తున్న	VERB
అబ్బాయి	NOUN
.	PUNCT

నేను	PRON
చెప్పిన	VERB
మాట	NOUN
.	PUNCT

నేను	PRON
చెబుతున్న	VERB
మాట	NOUN
.	PUNCT

నేను	PRON
చెప్పని	VERB
మాట	NOUN
.	PUNCT

మీరు	PRON
అక్కడికి	NOUN
వెళ్ళవద్దు	VERB
.	PUNCT

మీరు	PRON
ఇక్కడికి	NOUN
రావద్దు	VERB
.	PUNCT

మీ	PRON
అన్నగారికి	NOUN
ఎన్ని	DET
ఇళ్ళున్నాయి	VERB
?	PUNCT

ఆయనకి	PRON
రెండు	NUM
ఇళ్ళు	NOUN
ఉన్నాయండి	VERB
.	PUNCT

మీకు	PRON
ఎన్ని	DET
ఇళ్ళు	NOUN
ఉన్నాయి	VERB
?	PUNCT

ఈ	DET
పుస్తకాల	NOUN
ఖరీదు	NOUN
ఎంత	DET
?	PUNCT

నూరు	NUM
రూపాయిలు	NOUN
.	PUNCT

వంద	NUM
రూపాయిలు	NOUN
.	PUNCT

మీకు	PRON
ఎంతమంది	NOUN
పిల్లలు	NOUN
?	PUNCT

నిన్న	NOUN
ఒకడు	NOUN
మా	PRON
ఇంటికి	NOUN
వచ్చేడు	VERB
.	PUNCT

రెండురెండ్లు	NUM
నాలుగు	NUM
.	PUNCT

రూపాయికి	NOUN
నూరుపైసలు	NOUN
.	PUNCT

మూడు	NUM
వందల	NUM
రూపాయిలు	NOUN
ఖర్చు	NOUN
పెట్టేం	VERB
.	PUNCT

వాళ్ళు	PRON
అంతా	DET
సినిమాకి	NOUN
వెళ్ళేరు	VERB
.	PUNCT

నన్ను	PRON
ఎవరూ	PRON
చూడలేదు	VERB
.	PUNCT

వాళ్ళది	PRON
గంపెడు	ADJ
సంసారం	NOUN
.	PUNCT

ఏవిధమైన	ADV
కల్లోలం	NOUN
చెలరేగేదీ	VERB
ఎవరూ	PRON
చెప్పలేరు	VERB
.	PUNCT

తండ్రి	NOUN
ఏం	PRON
చెబుతున్నదీ	VERB
సుందరానికి	PROPN
అర్థం	NOUN
కాలేదు	VERB
.	PUNCT

చలం	PROPN
వచ్చేదీ	VERB
లేనిదీ	VERB
తర్వాత	ADV
చూసుకోవచ్చు	VERB
.	PUNCT

వాడు	PRON
ఎక్కడెక్కడ	ADV
తిరిగేదీ	VERB
ఆవిడకు	PRON
తెలియదు	VERB
.	PUNCT

ఆయన	PRON
రేపు	NOUN
రానిదే	VERB
,	PUNCT
నేను	PRON
ఉండను	VERB
.	PUNCT

ఆయన	PRON
వచ్చినప్పుడు	VERB
పిలిచేను	VERB
.	PUNCT

నేను	PRON
చదువుకొంటున్నప్పుడు	VERB
నన్ను	PRON
శ్రమ	NOUN
పెట్టకండి	VERB
.	PUNCT

ఆయన	PRON
రానప్పుడు	VERB
పిలవటం	VERB
ఎందుకు	ADV
?	PUNCT

ఆయన్ని	PRON
పిలిచినప్పుడల్లా	VERB
వస్తాడు	VERB
.	PUNCT

అతన్ని	PRON
చూసినప్పుడల్లా	VERB
భయపడేవాళ్ళం	VERB
.	PUNCT

భారీ	ADJ
వర్షాలు	NOUN
పడినప్పుడల్లా	VERB
ఇంటికప్పు	NOUN
కారుతుంది	VERB
.	PUNCT

యాభై	NUM
అడుగులు	NOUN
తవ్వేటప్పటికి	VERB
ఒక	NUM
మాసం	NOUN
అయిపోయింది	VERB
.	PUNCT

అవి	PRON
కంచె	NOUN
దాటేటప్పటికి	VERB
తెల్లవారిపోయింది	VERB
.	PUNCT

సంవత్సరం	NOUN
గడిచేటప్పటికి	VERB
.	PUNCT
.	PUNCT
.	PUNCT

మీరు	PRON
తిరిగి	VERB
వచ్చేలోపల	VERB
ఈ	DET
పని	NOUN
ఔతుంది	VERB
.	PUNCT

రాము	PROPN
వెళ్ళినప్పటి	VERB
నుంచి	SCONJ
కమలకు	PROPN
ఒంటిలో	NOUN
బాగా	ADV
లేదు	VERB
.	PUNCT

అతను	PRON
ఆలస్యంగా	ADV
వచ్చినా	VERB
,	PUNCT
రైలు	NOUN
దొరికింది	VERB
.	PUNCT

అన్నం	NOUN
తినే	VERB
కంచం	NOUN
.	PUNCT

అన్నం	NOUN
తినే	VERB
చెయ్యి	NOUN
.	PUNCT

అన్నం	NOUN
తినే	VERB
బల్ల	NOUN
.	PUNCT

అన్నం	NOUN
తినే	VERB
మనిషి	NOUN
.	PUNCT

రాముడు	NOUN
సీతతో	NOUN
వెళ్ళేడు	VERB
.	PUNCT

నేను	PRON
వచ్చిన	VERB
దారి	NOUN
చాలా	DET
దూరం	NOUN
.	PUNCT

మీరు	PRON
వెళ్ళే	VERB
రోజు	NOUN
చెప్పండి	VERB
.	PUNCT

వాడు	PRON
కొట్టిన	VERB
కత్తి	NOUN
పట్టుకొన్నాను	VERB
.	PUNCT

వాళ్ళు	PRON
ఉన్న	VERB
ఊరు	NOUN
మా	PRON
ఊరి	NOUN
పక్కనే	NOUN
.	PUNCT

మేము	PRON
దిగిన	VERB
బస్సు	NOUN
వెళ్ళిపోయింది	VERB
.	PUNCT

నేను	PRON
రేపు	NOUN
వెళ్తాను	VERB
.	PUNCT

రాము	PROPN
తాను	PRON
రేపు	NOUN
వెళ్తాను	VERB
అని	SCONJ
కమలతో	PROPN
చెప్పేడు	VERB
.	PUNCT

నువ్వు	PRON
నాతో	PRON
నేను	PRON
రేపు	NOUN
వస్తాను	VERB
అని	SCONJ
చెప్పేవు	VERB
.	PUNCT

నేను	PRON
రేపు	NOUN
వస్తాను	VERB
.	PUNCT

నేను	PRON
నీతో	PRON
నేను	PRON
రేపు	NOUN
వస్తాను	VERB
అని	SCONJ
చెప్పేను	VERB
.	PUNCT

నువ్వు	PRON
రేపు	NOUN
వస్తావా	VERB
?	PUNCT

నేను	PRON
నిన్ను	PRON
రేపు	NOUN
వస్తావా	VERB
అని	SCONJ
అడిగేను	VERB
.	PUNCT

నువ్వు	PRON
రేపు	NOUN
రా	VERB
!	PUNCT

నువ్వు	PRON
నన్ను	PRON
రేపు	NOUN
రమ్మని	VERB
అన్నావు	VERB
.	PUNCT

ఆయన	PRON
నన్ను	PRON
నీళ్ళు	NOUN
తాగమంటున్నారు	VERB
.	PUNCT

నేను	PRON
ఈవేళ	NOUN
వారిని	PRON
భోజనానికి	NOUN
రమ్మన్నాను	VERB
.	PUNCT

నేను	PRON
వాణ్ణి	PRON
పొమ్మన్నా	VERB
,	PUNCT
పో	VERB
లేదు	VERB
.	PUNCT

ఆయన	PRON
నన్ను	PRON
నీళ్ళు	NOUN
తాగవద్దు	VERB
అన్నారు	VERB
.	PUNCT

ఆయన	PRON
నిన్ను	PRON
ఇంటికి	NOUN
వెళ్ళవద్దు	VERB
అంటారు	VERB
.	PUNCT

నేను	PRON
అతన్ని	PRON
ఆ	DET
ప్రశ్నకి	NOUN
జవాబు	NOUN
ఇయ్యవద్దన్నాను	VERB
.	PUNCT

వారు	PRON
ఎప్పుడు	ADV
వస్తారు	VERB
?	PUNCT

వారు	PRON
ఎప్పుడు	ADV
వచ్చేరు	VERB
?	PUNCT

వారు	PRON
రావటం	VERB
ఎప్పుడు	ADV
?	PUNCT

వారు	PRON
ఎప్పుడు	ADV
రావటం	VERB
?	PUNCT

రాము	PROPN
నిన్న	NOUN
కమలకు	PROPN
పుస్తకం	NOUN
ఇచ్చేడు	VERB
.	PUNCT

రాము	PROPN
నిన్న	NOUN
పుస్తకం	NOUN
ఇచ్చింది	VERB
కమలకు	PROPN
.	PUNCT

రాము	PROPN
నిన్న	NOUN
కమలకు	PROPN
ఇచ్చింది	VERB
పుస్తకం	NOUN
.	PUNCT

రాము	PROPN
కమలకు	PROPN
పుస్తకం	NOUN
ఇచ్చింది	VERB
నిన్న	NOUN
.	PUNCT

రామా	PROPN
నిన్న	ADV
కమలకు	PROPN
పుస్తకం	NOUN
ఇచ్చింది	VERB
?	PUNCT

రాము	PRON
నిన్న	ADV
కమలకుటగదా	PROPN
పుస్తకం	NOUN
ఇచ్చింది	VERB
?	PUNCT

డాక్టరుగారు	NOUN
మందు	NOUN
ఇస్తేనే	VERB
గాని	SCONJ
,	PUNCT
అతను	PRON
తాగడు	VERB
.	PUNCT

పిల్లలు	NOUN
కడుపు	NOUN
నిండా	NOUN
అన్నం	NOUN
తిన్నారు	VERB
.	PUNCT

రామదాసు	PROPN
దేవుణ్ణి	NOUN
కళ్ళారా	ADV
చూసేడు	VERB
.	PUNCT

ఈ	DET
సంగతి	NOUN
అక్షరాలా	NOUN
నిజం	NOUN
.	PUNCT

ఆమె	PRON
కిలకిలా	ADV
నవ్వింది	VERB
.	PUNCT

గంటలు	NOUN
గణగణమంటున్నాయి	VERB
.	PUNCT

గుండె	NOUN
ఝల్లుమన్నది	VERB
.	PUNCT

పొలం	NOUN
అంతా	DET
తెగ	ADV
తవ్వేశారు	VERB
.	PUNCT

రామయ్య	PROPN
తెగ	ADV
తింటాడు	VERB
.	PUNCT

అతనికి	PRON
తెలుగు	PROPN
అట్టే	ADV
రాదు	VERB
.	PUNCT

నేను	PRON
కాలేజీకి	NOUN
నడిచి	VERB
వెళ్తాను	VERB
.	PUNCT

ఆమె	PRON
ఆపకుండా	VERB
మాట్లాడుతుంది	VERB
.	PUNCT

ఒక	NUM
విషయం	NOUN
అడగాలని	VERB
ఉంది	VERB
.	PUNCT

నాకు	PRON
పేకాట	NOUN
ద్వారా	ADP
డబ్బు	NOUN
సంపాదించాలని	VERB
ఉంది	VERB
.	PUNCT

వాళ్ళకు	PRON
ఇంటికి	NOUN
వెళ్ళాలి	VERB
అని	SCONJ
లేదు	VERB
.	PUNCT

ఆ	DET
సంగతి	NOUN
ఇప్పుడిప్పుడే	ADV
తెలుస్తున్నది	VERB
.	PUNCT

అందరూ	PRON
వెంటవెంటనే	ADV
వెళ్ళేరు	VERB
.	PUNCT

మధ్యమధ్య	ADV
నాకు	PRON
కనిపిస్తుండండి	VERB
.	PUNCT

ఏటా	NOUN
కోట్లకొలది	ADJ
రూపాయిలు	NOUN
వెచ్చిస్తున్నారు	VERB
.	PUNCT

ఇంటింటా	ADV
రాటం	NOUN
తిరగాలి	VERB
.	PUNCT

వాళ్ళు	PRON
దగ్గరదగ్గర	ADV
కూర్చున్నారు	VERB
.	PUNCT

వాడు	PRON
మెత్తమెత్తగా	ADV
మాట్లాడుతాడు	VERB
.	PUNCT

ఆయన	PRON
వంట	NOUN
చేసుకొంటాడు	VERB
.	PUNCT

మీ	PRON
తాతతో	NOUN
చెప్పుకో	VERB
.	PUNCT

తెలుగు	PROPN
నేర్చుకొంటున్నాను	VERB
.	PUNCT

పిల్లలు	NOUN
ఆడుకొంటున్నారు	VERB
.	PUNCT

మీరు	PRON
పడుకొన్నారా	VERB
?	PUNCT

పెట్టె	NOUN
తీసుకు	VERB
వచ్చేడు	VERB
.	PUNCT

వర్షం	NOUN
వస్తుంది	VERB
అనుకోండి	VERB
,	PUNCT
మీరుయేం	NOUN
చేస్తారు	VERB
?	PUNCT

మా	PRON
పెళ్ళి	NOUN
అయిన	VERB
మూడో	ADJ
నాడే	NOUN
బయలుదేరేము	VERB
.	PUNCT

ఊరేగింపు	NOUN
వెళ్ళిపోయిన	VERB
అర	NUM
గంట	NOUN
దాక	ADP
ఎస్.	PROPN
నిద్ర	NOUN
పోలేదు	VERB
.	PUNCT

ఇక్కడికి	NOUN
వచ్చిన	VERB
నాలుగో	ADJ
రోజున	NOUN
వాడికి	PRON
జబ్బు	NOUN
చేసింది	VERB
.	PUNCT

ప్రయోగించబడిన	VERB
ముప్ఫై	NUM
ఎనిమిదో	ADJ
రోజున	NOUN
...	PUNCT

కారు	NOUN
తలుపు	NOUN
టక్కున	ADV
వేసిన	VERB
కొన్ని	DET
సెకండ్లలో	NOUN
...	PUNCT

ఇంటికి	NOUN
వచ్చినవారు	VERB
మా	PRON
అన్నగారు	NOUN
.	PUNCT

నన్ను	PRON
చూసినవాడు	VERB
ఇంటికి	NOUN
వెళ్ళేడు	VERB
.	PUNCT

నేను	PRON
తెచ్చినవి	VERB
బల్లమీద	NOUN
ఉన్నాయి	VERB
.	PUNCT

మీరు	PRON
చెబుతున్నది	VERB
నాకు	PRON
అర్థం	NOUN
కాదు	VERB
.	PUNCT

డబ్బు	NOUN
అడిగే	VERB
వాళ్ళకి	PRON
ఏమీ	PRON
ఇవ్వడు	VERB
.	PUNCT

నేను	PRON
అడిగేవాటికి	VERB
జవాబు	NOUN
చెప్పు	VERB
.	PUNCT

ఆయన	PRON
ఎప్పుడు	ADV
వస్తాడు	VERB
?	PUNCT

ఆయన	PRON
ఎప్పుడు	ADV
వస్తాడో	VERB
నాకు	PRON
తెలియదు	VERB
.	PUNCT

వారు	PRON
ఎవరు	PRON
?	PUNCT

వారు	PRON
ఎవరో	PRON
నాకు	PRON
తెలుసు	VERB
.	PUNCT

మీ	PRON
పేరు	NOUN
ఏమిటి	PRON
?	PUNCT

మీ	PRON
పేరు	NOUN
ఏమిటో	PRON
నాకు	PRON
చెప్పండి	VERB
.	PUNCT

నేను	PRON
ఎవరిని	PRON
?	PUNCT

నేను	PRON
ఎవరినో	PRON
మీకు	PRON
తెలుసా	VERB
?	PUNCT

ఆయన	PRON
ఫీజు	NOUN
ఎంత	PRON
?	PUNCT

ఆయన	PRON
ఫీజు	NOUN
ఎంతో	PRON
మీరు	PRON
తెలుసుకొన్నారా	VERB
?	PUNCT

జేబులు	NOUN
కొట్టటం	VERB
ఎలాగు	ADV
?	PUNCT

జేబులు	NOUN
కొట్టటం	VERB
ఎలాగో	ADV
వాడికి	PRON
తెలుసు	VERB
.	PUNCT

ఆమె	PRON
ఎలా	ADV
ఉందో	VERB
చూసి	VERB
రా	VERB
.	PUNCT

వారు	PRON
వచ్చేరో	VERB
,	PUNCT
లేదో	VERB
అతను	PRON
నాకు	PRON
చెప్ప	VERB
లేదు	VERB
.	PUNCT

ఇక	ADV
ఏం	PRON
చెయ్యాలో	VERB
ఆలోచించు	VERB
.	PUNCT

మీ	PRON
స్నేహితుడు	NOUN
లోపల	NOUN
ఉన్నాడు	VERB
.	PUNCT

ఆయన	PRON
పైకి	NOUN
వెళ్ళేడు	VERB
.	PUNCT

మీరు	PRON
నిన్నటి	NOUN
పత్రిక	NOUN
చూసేరా	VERB
?	PUNCT

ఇక్కడి	NOUN
నీళ్ళు	NOUN
ఎలాగు	ADV
ఉన్నాయి	VERB
?	PUNCT

పడమటి	NOUN
దిక్కు	NOUN
చూడండి	VERB
.	PUNCT

కమల	PROPN
పాట	NOUN
పాడటం	VERB
మొదలు	NOUN
పెట్టింది	VERB
.	PUNCT

నేను	PRON
మీరు	PRON
ఇలా	ADV
మాట్లాడటం	VERB
ఒప్పుకోను	VERB
.	PUNCT

రాముకు	NOUN
అన్నం	NOUN
తింటానికి	VERB
తీరిక	NOUN
లేదు	VERB
.	PUNCT

పిల్లవాడు	NOUN
ఆకలి	NOUN
కావటంతోనే	VERB
ఏడుస్తాడు	VERB
.	PUNCT

ఆఫీసరు	NOUN
లేకపోవటం	VERB
వల్ల	ADP
గుమాస్తాలు	NOUN
పనిచెయ్యటం	VERB
మానేసేరు	VERB
.	PUNCT

తెలిసీ	VERB
తెలియక	VERB
ఏమో	ADV
చెప్పేడు	VERB
.	PUNCT

చాలీ	VERB
చాలని	VERB
జీతాలు	NOUN
సంపాదిస్తారు	VERB
.	PUNCT

కుర్చీ	NOUN
చేతిమీద	NOUN
ఆనీ	VERB
ఆనకుండా	VERB
కూర్చున్నాడు	VERB
.	PUNCT

ఇద్దరు	NUM
అబ్బాయిలు	NOUN
వచ్చేరు	VERB
.	PUNCT

వాడు	PRON
అది	PRON
చెయ్యకపోతే	VERB
,	PUNCT
నాకు	PRON
చెప్పండి	VERB
.	PUNCT

వాడు	PRON
అది	PRON
చెయ్యలేకపోతే	VERB
,	PUNCT
నాకు	PRON
చెప్పండి	VERB
.	PUNCT

ఆటలో	NOUN
గెలవక	VERB
పోయినా	VERB
,	PUNCT
సంతోషించేడు	VERB
.	PUNCT

ఆటలో	NOUN
గెలవలేకపోయినా	VERB
,	PUNCT
సంతోషించేడు	VERB
.	PUNCT

ఆయన	PRON
రాకపోవటం	VERB
వల్ల	ADP
,	PUNCT
మేం	PRON
ఇంటికి	NOUN
వెళ్ళేరు	VERB
.	PUNCT

పాపం	INTJ
!	PUNCT
వాళ్ళ	PRON
అబ్బాయి	NOUN
కారు	NOUN
కింద	ADP
పడ్డాడట	VERB
.	PUNCT

అబ్బా	INTJ
!	PUNCT
నొప్పి	NOUN
!	PUNCT

భేష్	INTJ
!	PUNCT
భేష్	INTJ
!	PUNCT

అబ్బో	INTJ
!	PUNCT

అరె	INTJ
అరె	INTJ
!	PUNCT

ఒరేయ్	INTJ
!	PUNCT

ఒసేయ్	INTJ
!	PUNCT

ఏమండి	PRON
!	PUNCT

ఏమండోయ్	PRON
!	PUNCT

ఏం	PRON
రా	PART
!	PUNCT

ఏమర్రా	PRON
!	PUNCT

ఏం	PRON
అమ్మా	NOUN
!	PUNCT

ఏం	PRON
అయ్యా	NOUN
!	PUNCT

సరే	PART
!	PUNCT

అవును	VERB
అండి	PART
!	PUNCT

కాదు	VERB
అండి	PART
!	PUNCT

నమస్కారం	NOUN
అండి	PART
!	PUNCT

నేను	PRON
ఏం	PRON
చెప్పేది	VERB
?	PUNCT

నేను	PRON
ఎక్కడికి	PRON
వెళ్ళేది	VERB
?	PUNCT

నేను	PRON
వచ్చేదే	VERB
?	PUNCT

నేను	PRON
ఏం	PRON
చెప్పాలి	VERB
?	PUNCT

నేను	PRON
రావాలే	VERB
?	PUNCT

ఆమె	PRON
అన్నం	NOUN
వండలేదు	VERB
.	PUNCT

నేను	PRON
చెట్లు	NOUN
ఎక్కలేను	VERB
.	PUNCT

డబ్బు	NOUN
చాలక	VERB
,	PUNCT
ఇల్లు	NOUN
కొనలేకపోయాను	VERB
.	PUNCT

చేపలు	NOUN
పట్టలేక	VERB
పోయేడు	VERB
.	PUNCT

అంతా	NOUN
తినలేక	VERB
పోతారు	VERB
.	PUNCT

ఈ	DET
ఇంట్లో	NOUN
ఉండలేకపోతాను	VERB
.	PUNCT

బడికి	NOUN
వెళ్ళే	VERB
ముందు	SCONJ
పాఠం	NOUN
చదువుకోవాలి	VERB
.	PUNCT

ఆయన్ని	PRON
చూసిన	VERB
వెంటనే	SCONJ
అందరూ	PRON
లేచి	VERB
కేకలు	NOUN
వేసేరు	VERB
.	PUNCT

చాలాసేపు	NOUN
తిరిగిన	VERB
తరువాత	SCONJ
ఇంటికి	NOUN
వచ్చేడు	VERB
.	PUNCT

నేను	PRON
చెప్పేవరకు	VERB
మీరు	PRON
ఉండండి	VERB
.	PUNCT

మా	PRON
ఇల్లు	NOUN
చూసిన	VERB
దాకా	SCONJ
నేరుగా	ADV
వెళ్ళండి	NOUN
.	PUNCT

నాకు	NOUN
తెలిసినంతవరకు	VERB
.	PUNCT
.	PUNCT
.	PUNCT

వాడు	PRON
చదివిన	VERB
అంతమట్టుకు	SCONJ
బాగా	ADV
చదివేడు	VERB
.	PUNCT

వారిది	PRON
పల్లెటూరైనందుకు	NOUN
క్షమార్పణ	NOUN
కూడా	ADP
చేసేరు	VERB
.	PUNCT

టికట్	NOUN
లేకుండా	VERB
ప్రయాణం	NOUN
చేసినందుకు	VERB
జుల్మానా	NOUN
విధించేరు	VERB
.	PUNCT

నేను	PRON
మీ	PRON
దగ్గర	ADP
సెలవు	NOUN
తీసుకొనేటందుకు	VERB
వచ్చేను	VERB
.	PUNCT

ఎస్	PROPN
కి	ADP
ఇదంతా	PRON
వింటున్న	VERB
కొద్దీ	ADV
కంపరం	NOUN
ఎత్తింది	VERB
.	PUNCT

తలచుకొన్న	VERB
కొద్దీ	SCONJ
నాకు	PRON
ఆశ్చర్యం	NOUN
అయింది	VERB
.	PUNCT

మనుషులు	NOUN
పెరిగిన	VERB
కొద్దీ	SCONJ
దూరం	NOUN
అవుతారు	VERB
.	PUNCT

నేనే	PRON
ఇంటికి	NOUN
నడిచి	VERB
వెళ్ళేను	VERB
.	PUNCT

నేను	PRON
ఇంటికే	NOUN
నడిచి	VERB
వెళ్ళేను	VERB
.	PUNCT

నేను	PRON
ఇంటికి	NOUN
నడిచే	VERB
వెళ్ళేను	VERB
.	PUNCT

రామయ్య	PROPN
ఆ	DET
ఊళ్ళో	NOUN
ఉంటాడు	VERB
.	PUNCT

రామయ్య	PROPN
ఆ	DET
ఊళ్ళోనే	NOUN
ఉంటాడు	VERB
.	PUNCT

రామయ్య	PROPN
అదే	DET
ఊళ్ళో	NOUN
ఉంటాడు	VERB
.	PUNCT

మనం	PRON
ఒకే	ADJ
బళ్ళో	NOUN
చదువుకొన్నాం	VERB
.	PUNCT

వాళ్ళకు	PRON
ఒకే	ADJ
కొడుకు	NOUN
ఉన్నాడు	VERB
.	PUNCT

నేను	PRON
ఐదు	NUM
నిమిషాలు	NOUN
ఉండగలను	VERB
.	PUNCT

నేను	PRON
ఐదు	NUM
నిమిషాలే	NOUN
ఉండగలను	VERB
.	PUNCT

నేను	PRON
ఐదే	NUM
ఐదు	NUM
నిమిషాలు	NOUN
ఉండగలను	VERB
.	PUNCT

ఆయన	PRON
అప్పుడే	ADV
వచ్చేడు	VERB
.	PUNCT

అతను	PRON
ఇప్పుడే	ADV
ఆఫీసుకి	NOUN
వెళ్ళేడు	VERB
.	PUNCT

మనకు	PRON
ఈ	DET
సంగతి	NOUN
తెలిసిందే	VERB
!	PUNCT

రామయ్య	PROPN
మంచివాడే	NOUN
కాని	CCONJ
కొంచెం	DET
కోపిష్ఠి	NOUN
.	PUNCT

ఆమె	PRON
నాతో	PRON
ఆ	DET
సంగతి	NOUN
చెప్పనే	VERB
లేదు	VERB
.	PUNCT

ఆమె	PRON
నాతో	PRON
ఆ	DET
సంగతి	NOUN
చెప్పనే	VERB
చెప్ప	VERB
లేదు	VERB
.	PUNCT

ఆమె	PRON
నాతోనే	PRON
ఆ	DET
సంగతి	NOUN
చెప్ప	VERB
లేదు	VERB
.	PUNCT

వాడే	PRON
వచ్చేడు	VERB
.	PUNCT

వాడే	PRON
రా	VERB
లేదు	VERB
.	PUNCT

పెళ్ళి	NOUN
రేపనగా	VERB
కారు	NOUN
మొదటి	ADJ
సారి	ADV
కదిలింది	VERB
.	PUNCT

రెండు	NUM
మూడు	NUM
రోజుల్లో	ADV
సుందరం	PROPN
కాలేజీ	NOUN
ప్రవేశిస్తాడు	VERB
అనగా	VERB
...	PUNCT

ఇంకా	ADV
ప్రదర్శనం	NOUN
మూడు	NUM
నాలుగు	NUM
రోజులు	NOUN
ఉందనగా	VERB
...	PUNCT

వాడికి	PRON
ఉత్తరం	NOUN
చదివే	VERB
ఆలోచన	NOUN
తట్ట	VERB
లేదు	VERB
.	PUNCT

నాకు	PRON
సిగరెట్లు	NOUN
కాల్చే	VERB
అలవాటు	NOUN
ఉండేది	VERB
.	PUNCT

అతను	PRON
తన	PRON
ప్రవేశం	NOUN
తెలియజెప్పే	VERB
ఉద్దేశ్యంతో	NOUN
ముందుకు	ADV
నడిచేడు	VERB
.	PUNCT

ఆమెను	PRON
తిరిగి	VERB
క్షేమంగా	ADV
తల్లిదండ్రులకు	NOUN
అప్పగించే	VERB
పూచీ	NOUN
నాదే	PRON
గా	PART
?	PUNCT

నాకు	PRON
సాధారణంగా	ADV
ఎక్కడికీ	NOUN
ఒంటరిగా	ADV
వెళ్ళే	VERB
అవసరం	NOUN
లేదు	VERB
.	PUNCT

రాము	PROPN
కమలను	PROPN
ఆపేక్షతో	NOUN
చూస్తాడు	VERB
.	PUNCT

కమలను	PROPN
ఆపేక్షతో	NOUN
చూసే	VERB
రాము	PROPN
.	PUNCT

రాము	PROPN
ఆపేక్షతో	NOUN
చూసే	VERB
కమల	PROPN
.	PUNCT

నేను	PRON
ముసలివాణ్ణి	NOUN
.	PUNCT

నువ్వు	PRON
చాలా	DET
గట్టివాడివి	NOUN
.	PUNCT

నువ్వు	PRON
ఎంత	DET
తెలివితక్కువ	ADJ
వాడివి	PRON
!	PUNCT

మేం	PRON
ముగ్గురం	NOUN
.	PUNCT

మేం	PRON
పదిమందిమి	NOUN
.	PUNCT

నీవు	PRON
వడ్రంగివే	NOUN
?	PUNCT

మనం	PRON
బంధువులం	NOUN
.	PUNCT

మేం	PRON
మీ	PRON
స్నేహితులం	NOUN
.	PUNCT

ఇంతలో	ADV
ఇంటిముందు	NOUN
సైకిల్	NOUN
రిక్షా	NOUN
ఆగటం	VERB
,	PUNCT
అందులోనుంచి	NOUN
కె.	NOUN
దూకటం	VERB
,	PUNCT
పి.	PROPN
దిగటం	VERB
జరిగేయి	VERB
.	PUNCT

అలాగే	ADV
తెల్లవారటం	VERB
,	PUNCT
రాత్రి	NOUN
రావటం	VERB
జరిగింది	VERB
.	PUNCT

నాకు	PRON
సగం	NUM
వంతు	NOUN
ఇచ్చేడు	VERB
.	PUNCT

సగం	NUM
దూరం	NOUN
వెళ్ళేడు	VERB
.	PUNCT

సగం	NUM
మంది	NOUN
కూర్చున్నారు	VERB
.	PUNCT

యాభై	NUM
లో	ADP
సగం	NUM
ఇరవై	NUM
ఐదు	NUM
.	PUNCT

ఇది	PRON
సగం	NUM
పాలు	NOUN
,	PUNCT
సగం	NUM
నీళ్ళు	NOUN
.	PUNCT

నేను	PRON
మొన్న	NOUN
ఊళ్ళో	NOUN
లేను	VERB
.	PUNCT

ఆమె	PRON
బీదది	NOUN
.	PUNCT

వాళ్ళు	PRON
బీదవాళ్ళు	NOUN
.	PUNCT

నేను	PRON
బీదవాణ్ణి	NOUN
.	PUNCT

మనము	PRON
బీద	ADJ
వాళ్ళము	PRON
.	PUNCT

నీవు	PRON
బీదవాడివి	NOUN
.	PUNCT

నీవు	PRON
బీదదానివి	NOUN
.	PUNCT

మీరు	PRON
బీదవాళ్ళు	NOUN
.	PUNCT

వారు	PRON
పెద్దవారు	NOUN
.	PUNCT

నువ్వు	PRON
ఆయనకు	PRON
మాట	NOUN
చెప్ప	VERB
లేదు	VERB
.	PUNCT

అమ్మ	NOUN
అన్నం	NOUN
పెట్ట	VERB
లేదు	VERB
.	PUNCT

వాడు	PRON
పిల్లవాడు	NOUN
.	PUNCT

వీడు	PRON
నౌకరు	NOUN
.	PUNCT

వాళ్ళు	PRON
మంచివాళ్ళు	NOUN
.	PUNCT

ఈమె	PRON
సరస్వతి	PROPN
.	PUNCT

ఆయన	PRON
మేష్టరుగారు	NOUN
.	PUNCT

వారు	PRON
డాక్టరుగారు	NOUN
.	PUNCT

వీరు	PRON
మూర్తిగారు	PROPN
.	PUNCT

ఆమె	PRON
సీతమ్మ	PROPN
గారు	PART
.	PUNCT

ఆమె	PRON
ఎవరు	PRON
?	PUNCT

ఇతను	PRON
ఎవరు	PRON
?	PUNCT

అతను	PRON
నా	PRON
స్నేహితుడు	NOUN
.	PUNCT

నేను	PRON
బడిపంతుల్ని	NOUN
.	PUNCT

వారు	PRON
మా	PRON
వారు	PRON
.	PUNCT

నా	PRON
పేరు	NOUN
రామారావు	PROPN
.	PUNCT

ఈ	DET
పుస్తకం	NOUN
ఏమిటండి	PRON
?	PUNCT

మీ	PRON
ఇల్లు	NOUN
ఏది	PRON
?	PUNCT

నువ్వు	PRON
ఏం	PRON
చూసేవు	VERB
?	PUNCT

అది	PRON
ఎవతె	PRON
?	PUNCT

అది	PRON
పుస్తకమా	NOUN
?	PUNCT

అవునండి	NOUN
,	PUNCT
అది	PRON
పుస్తకమే	NOUN
.	PUNCT

ఇవి	PRON
కుర్చీలేనా	NOUN
?	PUNCT

ఇది	PRON
ఇల్లా	NOUN
?	PUNCT

అతను	PRON
కాఫీ	NOUN
తాగేడు	VERB
.	PUNCT

అమ్మ	NOUN
మాకు	PRON
కథ	NOUN
చెప్పింది	VERB
.	PUNCT

నేను	PRON
పుస్తకం	NOUN
చదివేను	VERB
.	PUNCT

మేం	PRON
సినిమా	NOUN
చూసేము	VERB
.	PUNCT

నువ్వు	PRON
ఏం	PRON
చూసేవు	VERB
?	PUNCT

నువ్వు	PRON
దేనికి	PRON
వచ్చేవు	VERB
?	PUNCT

రావణుడు	NOUN
రాముడిచేత	NOUN
చంపబడ్డాడు	VERB
.	PUNCT

ఈ	DET
పుస్తకాలు	NOUN
అమ్మబడ్డాయి	VERB
.	PUNCT

ఏ	DET
తెల్లవారు	NOUN
జామునో	NOUN
ఆమెకి	NOUN
కోడికునుకు	NOUN
పట్టింది	VERB
.	PUNCT

ఏ	DET
ఫిబ్రవరిలోనో	NOUN
ఆయన	PRON
తిరిగి	VERB
రా	VERB
వచ్చు	VERB
.	PUNCT

ఏ	DET
బ్రిటన్లోనో	PROPN
,	PUNCT
అమెరికాలోనో	PROPN
ఉన్నారు	VERB
.	PUNCT

ఆవిడ	PRON
ఏనాడో	ADV
పోయింది	VERB
.	PUNCT

నీళ్ళు	NOUN
కాగేయి	VERB
.	PUNCT

కమల	PROPN
నీళ్ళు	NOUN
కాచింది	VERB
.	PUNCT

రాము	PROPN
కమల-చేత	PROPN
నీళ్ళు	NOUN
కాయించేడు	VERB
.	PUNCT

వాలి	PROPN
చచ్చాడు	VERB
.	PUNCT

రాముడు	PROPN
వాలిని	PROPN
చంపేడు	VERB
.	PUNCT

సుగ్రీవుడు	PROPN
రాముడి-చేత	PROPN
వాలిని	PROPN
చంపించేడు	VERB
.	PUNCT

రాము	PROPN
కవరు	NOUN
అంటించేడు	VERB
.	PUNCT

రాము	PROPN
నన్ను	PRON
అడిగేడు	VERB
.	PUNCT

ramu	PROPN
కమల-చేత	PROPN
నన్ను	PRON
అడిగించేడు	VERB
.	PUNCT

వాడు	PRON
పులి	NOUN
చంపిన	VERB
మనిషి	NOUN
.	PUNCT

వాడు	PRON
పులిని	NOUN
చంపిన	VERB
మనిషి	NOUN
.	PUNCT

పాడిన	VERB
పాట	NOUN
.	PUNCT

ceesina	VERB
పని	NOUN
.	PUNCT

చెప్పిన	VERB
మాట	NOUN
.	PUNCT

చూసిన	VERB
సినిమా	NOUN
.	PUNCT

చెప్పిన	VERB
మాట	NOUN
.	PUNCT

వచ్చే	VERB
ఈడు	NOUN
.	PUNCT

తెలిసిన	VERB
మనిషి	NOUN
.	PUNCT

పారే	VERB
నీళ్ళు	NOUN
.	PUNCT

తాగే	VERB
నీళ్ళు	NOUN
.	PUNCT

గడిచిన	VERB
రోజులు	NOUN
.	PUNCT

వాణ్ణి	PRON
డబ్బు	NOUN
అడిగేను	VERB
.	PUNCT

ఇటీవలే	ADV
ఇల్లు	NOUN
కట్టేము	VERB
.	PUNCT

హైదరాబాద్	PROPN
ఎప్పుడు	ADV
వచ్చేవు	VERB
?	PUNCT

మీరు	PRON
ఊరికి	NOUN
ఎప్పుడు	ADV
వెళ్ళేరు	VERB
?	PUNCT

మమ్మల్ని	PRON
ఎందుకు	ADV
పిలిచేరు	VERB
?	PUNCT

వాడు	PRON
భోంచేశేడు	VERB
.	PUNCT

పాఠం	NOUN
బాగా	ADV
విన్నాడు	VERB
.	PUNCT

ఆమె	PRON
అన్నం	NOUN
వండింది	VERB
.	PUNCT

రైలు	NOUN
ఇప్పుడే	ADV
వచ్చింది	VERB
.	PUNCT

వాళ్ళు	PRON
మామిడిపండ్లు	NOUN
అమ్మేరు	VERB
.	PUNCT

వార్తలు	NOUN
తెలిసేయి	VERB
.	PUNCT

చినుకులు	NOUN
పడ్డాయి	VERB
.	PUNCT

నా	PRON
ఇరవయో	ADJ
యేట	NOUN
మా	PRON
నాన్నగారు	NOUN
పోయేరు	VERB
.	PUNCT

మీకు	PRON
ఎన్నో	DET
యేట	NOUN
పెండ్లి	NOUN
అయింది	VERB
?	PUNCT

వాళ్ళు	PRON
వాళ్ళ	PRON
పిల్లకి	NOUN
పదహారో	ADJ
ఏటనే	NOUN
పెండ్లి	NOUN
చేసేరు	VERB
.	PUNCT

సుబ్బారావు	PROPN
నెమ్మదిగా	ADV
చేరతాడు	VERB
.	PUNCT

సుబ్బారావు	PROPN
సంసారంతో	NOUN
చేరతాడు	VERB
.	PUNCT

సుబ్బారావు	PROPN
పదిగంటలబండిలో	NOUN
చేరతాడు	VERB
.	PUNCT

సుబ్బారావు	PROPN
హైదరాబాదుకు	PROPN
చేరతాడు	VERB
.	PUNCT

సుబ్బారావు	PROPN
మద్రాసు	PROPN
నుంచి	ADP
చేరతాడు	VERB
.	PUNCT

ఇడ్లీలు	NOUN
సాంబారుతో	NOUN
రామయ్య	PROPN
తిన్నాడు	VERB
.	PUNCT

సాంబారుతో	NOUN
రామయ్య	PROPN
ఇడ్లీలు	NOUN
తిన్నాడు	VERB
.	PUNCT

నేను	PRON
ఈ	DET
పని	NOUN
చెయ్యగలను	VERB
.	PUNCT

ఆమె	PRON
అన్నం	NOUN
వండగలడు	VERB
.	PUNCT

సమయానికి	NOUN
చేరగలిగాడు	VERB
.	PUNCT

ఒక	NUM
వారం	NOUN
లోపల	ADP
ఈ	DET
పని	NOUN
చేయగలుగుతావా	VERB
?	PUNCT

ఈ	DET
కలం	NOUN
నాది	PRON
.	PUNCT

ఆ	DET
ఇల్లు	NOUN
వారిది	PRON
.	PUNCT

ఇది	PRON
మీ	PRON
కలం	NOUN
,	PUNCT
నాది	PRON
ఎక్కడ	ADV
?	PUNCT

వాళ్ళు	PRON
బీదవాళ్ళు	NOUN
.	PUNCT

బీదవాళ్ళకు	NOUN
సహాయం	NOUN
చెయ్యాలి	VERB
.	PUNCT

మీరు	PRON
నా	PRON
దానితో	PRON
రాయండి	VERB
.	PUNCT

రాము	PROPN
వెళ్ళేడు	VERB
.	PUNCT

రాము	PROPN
వెళ్ళేడు	VERB
కాబట్టి	SCONJ
,	PUNCT
కమల	PROPN
ఒంటరిగా	ADV
ఉంది	VERB
.	PUNCT

వాడు	PRON
తిట్టేడు	VERB
కాబట్టి	SCONJ
,	PUNCT
నేను	PRON
కొట్టేను	VERB
.	PUNCT

నువ్వు	PRON
వాణ్ణి	PRON
కొడతావా	VERB
?	PUNCT

వాడు	PRON
తిట్టేడు	VERB
కాబట్టి	SCONJ
,	PUNCT
నువ్వు	PRON
వాణ్ణి	PRON
కొడతావా	VERB
?	PUNCT

పిల్ల	NOUN
వాడికి	PRON
పాలు	NOUN
ఇవ్వు	VERB
.	PUNCT

పిల్ల	NOUN
వాడికి	PRON
ఆకలైంది	VERB
కాబట్టి	SCONJ
,	PUNCT
పాలు	NOUN
ఇవ్వు	VERB
.	PUNCT

మీకు	PRON
డబ్బు	NOUN
ఉంది	VERB
గనుక	SCONJ
,	PUNCT
దిగులు	NOUN
లేదు	VERB
.	PUNCT

నేను	PRON
ఇప్పుడు	ADV
అన్నం	NOUN
తినను	VERB
.	PUNCT

మేము	PRON
రేపు	NOUN
ఊరికి	NOUN
వెళ్ళము	VERB
.	PUNCT

నువ్వు	PRON
పుస్తకం	NOUN
చదవవు	VERB
.	PUNCT

మీరు	PRON
నామాట	NOUN
వినరు	VERB
.	PUNCT

వాడు	PRON
గుడికి	NOUN
రాడు	VERB
.	PUNCT

వాళ్ళు	PRON
మా	PRON
నాన్నగారికి	NOUN
చెప్పరు	VERB
.	PUNCT

అమ్మ	NOUN
అన్నం	NOUN
పెట్టదు	VERB
.	PUNCT

ఈ	DET
అంగట్లో	NOUN
కలాలు	NOUN
దొరకవు	VERB
.	PUNCT

వాడు	PRON
నన్ను	PRON
డబ్బు	NOUN
అడగడు	VERB
.	PUNCT

నేను	PRON
కవిత్వం	NOUN
రాయను	VERB
.	PUNCT

ఏది	PRON
కావాలో	VERB
అది	PRON
paTTukoni	VERB
పో	VERB
.	PUNCT

నేటి	NOUN
మానవులకు	NOUN
తిండీ	NOUN
,	PUNCT
నీరూ	NOUN
,	PUNCT
గాలీ	NOUN
ఎంత	DET
అవసరమో	NOUN
వైద్యమూ	NOUN
అంత	DET
అవసరమే	NOUN
.	PUNCT

పగలు	NOUN
పది	NUM
గంటలకి	NOUN
వీథిలో	NOUN
మామూలుగా	ADV
ఎలా	ADV
ఉంటుందో	VERB
ఆ	DET
రోజు	NOUN
అలానే	ADV
ఉంది	VERB
.	PUNCT

ఎంత	DET
తక్కువ	DET
జోక్యం	NOUN
కలిగించుకొంటే	VERB
అంత	DET
మంచి	ADJ
ప్రభుత్వం	NOUN
అనుకొంటారు	VERB
.	PUNCT

ఎప్పుడు	ADV
ఆకలి	NOUN
ఐతే	VERB
అప్పుడే	ADV
అన్నం	NOUN
తినాలి	VERB
.	PUNCT

ఈ	DET
సంవత్సరంలో	NOUN
ఏవైతే	PRON
పథకాలు	NOUN
ఉన్నాయో	VERB
అవి	PRON
తప్పకుండా	VERB
పూర్తి	NOUN
చెయ్యాలి	VERB
.	PUNCT

క్లేసులో	NOUN
విద్యార్థులు	NOUN
ఎవరైతే	PRON
ఉన్నారో	VERB
అందరినీ	PRON
తన	PRON
గదికి	NOUN
పిలిపించేడు	VERB
.	PUNCT

ఆయన	PRON
నిన్న	NOUN
వచ్చేరు	VERB
.	PUNCT

మా	PRON
పిల్లలు	NOUN
ఇక్కడ	ADV
లేరు	VERB
.	PUNCT

వాడు	PRON
పగలు	NOUN
నిద్రపోతాడు	VERB
.	PUNCT

నేను	PRON
రేపు	NOUN
వస్తాను	VERB
.	PUNCT

ఇవ్వేళ	NOUN
దీపావళి	PROPN
.	PUNCT

రేపు	NOUN
క్రిస్మస్	PROPN
పండగ	NOUN
.	PUNCT

ఎల్లుండి	NOUN
జులై	NOUN
తొమ్మిది	NUM
.	PUNCT

ఆవల-ఎల్లుండి	NOUN
అమావాస్య	NOUN
.	PUNCT

ఆయనకు	PRON
ముఖ్యమంత్రి	NOUN
తెలుసు	VERB
.	PUNCT

నాకు	PRON
ఆ	DET
సంగతి	NOUN
తెలుస్తుంది	VERB
.	PUNCT

నాకు	PRON
ఆ	DET
సంగతి	NOUN
ఇప్పుడే	ADV
తెలిసింది	VERB
.	PUNCT

నాకు	PRON
ఆ	DET
సంగతి	NOUN
తెలియదు	VERB
.	PUNCT

నాకు	PRON
మీ	PRON
సంగతి	NOUN
ఇప్పుడే	ADV
తెలుస్తున్నది	VERB
.	PUNCT

నువ్వు	PRON
శ్రమపడటం	VERB
బాగాలేదు	VERB
.	PUNCT

ముందు	ADV
నువ్వు	PRON
సైకిలు	NOUN
నడపటం	VERB
నేర్చుకో	VERB
.	PUNCT

వాళ్ళు	PRON
మమ్మల్ని	PRON
పెండ్లికి	NOUN
పిలవటానికి	VERB
వచ్చేరు	VERB
.	PUNCT

కార్మికులు	NOUN
పని	NOUN
చెయ్యటం	VERB
మానేసేరు	VERB
.	PUNCT

గాలివాన	NOUN
రావటంవల్ల	VERB
చెట్లు	NOUN
విరిగి	VERB
పోయినాయి	VERB
.	PUNCT

మీరు	PRON
ఆ	DET
పని	NOUN
చెయ్యడానికి	VERB
సందేహించటంలో	VERB
తప్పు	NOUN
ఏముంది	VERB
?	PUNCT

ఇది	PRON
తెల్లటి	NOUN
చొక్కా	NOUN
.	PUNCT

అది	PRON
తియ్యటి	NOUN
పండు	NOUN
.	PUNCT

ఆమె	PRON
చక్కటి	NOUN
మనిషి	NOUN
.	PUNCT

నిన్న	ADJ
రాత్రి	NOUN
నేను	PRON
ఇంట్లో	NOUN
ఉన్నాను	VERB
.	PUNCT

నిన్న	ADJ
రాత్రి	NOUN
నువ్వు	PRON
ఎక్కడ	ADV
ఉన్నావు	VERB
?	PUNCT

మేము	PRON
కులాసాగా	ADV
ఉన్నాము	VERB
.	PUNCT

మీరు	PRON
అమెరికాలో	NOUN
ఎన్నాళ్ళు	ADV
ఉన్నారు	VERB
?	PUNCT

వాళ్ళు	PRON
ఇప్పుడు	ADV
ఎక్కడ	ADV
ఉన్నారు	VERB
?	PUNCT

మా	PRON
ఇల్లు	NOUN
గుంటూరులో	PROPN
ఉన్నది	VERB
.	PUNCT

డబ్బు	NOUN
పెట్టెలోపల	NOUN
ఉన్నది	VERB
.	PUNCT

కారు	NOUN
రోడ్డు	NOUN
మీద	ADP
ఉన్నది	VERB
.	PUNCT

కోతి	NOUN
ఇంటికప్పుమీదకి	NOUN
ఎక్కింది	VERB
.	PUNCT

కొండమీదనుంచి	NOUN
కిందకి	NOUN
చూసేడు	VERB
.	PUNCT

అతను	PRON
ఇంటిదగ్గిర	NOUN
ఉన్నాడు	VERB
.	PUNCT

దగ్గిరకి	NOUN
రండి	VERB
.	PUNCT

మా	PRON
ఇంటి	NOUN
వెనక	ADP
తోట	NOUN
ఉన్నది	VERB
.	PUNCT

వాకిలి	NOUN
ముందు	ADP
రోడ్డు	NOUN
ఉన్నది	VERB
.	PUNCT

ఆయన	PRON
తరవాత	ADP
ఎవరు	PRON
వస్తారు	VERB
?	PUNCT

వీథి	NOUN
చివరి	NOUN
వరకు	ADP
నేరుగా	ADV
వెళ్ళండి	VERB
.	PUNCT

మా	PRON
ఇంటి	NOUN
ఎదుట	ADP
పెద్ద	ADJ
చెట్టు	NOUN
ఉన్నది	VERB
.	PUNCT

ఆ	DET
రెండు	NUM
ఇళ్ళ	NOUN
మధ్యన	ADP
సందు	NOUN
ఉన్నది	VERB
.	PUNCT

నా	PRON
పక్కన	ADP
కూర్చోండి	VERB
.	PUNCT

ఆమె	PRON
నా	PRON
వైపు	ADP
చూసింది	VERB
.	PUNCT

వెళ్ళలేక	VERB
వెళ్ళలేక	VERB
వెళ్ళేను	VERB
.	PUNCT

తిని	VERB
తిని	VERB
విసుగు	NOUN
పుట్టింది	VERB
.	PUNCT

నిలబడి	VERB
నిలబడి	VERB
విసుగు	NOUN
వేసింది	VERB
.	PUNCT

కలుసుకోక	VERB
కలుసుకోక	VERB
కలుసుకొన్నాం	VERB
.	PUNCT

తిరిగి	VERB
తిరిగి	VERB
ఇంటికి	NOUN
వచ్చేడు	VERB
.	PUNCT

గడప	NOUN
దాటుతూ	VERB
దాటుతూ	VERB
వెనక్కి	NOUN
చూసేడు	VERB
.	PUNCT

వినగా	VERB
వినగా	VERB
కోపం	NOUN
వచ్చింది	VERB
.	PUNCT

వాడు	PRON
రాక	VERB
పోతే	VERB
నేను	PRON
వెళ్ళను	VERB
.	PUNCT

నువ్వు	PRON
పోతే	VERB
పోతే	VERB
,	PUNCT
నాకు	PRON
తెలియదు	VERB
.	PUNCT

నువ్వు	PRON
చెప్పకపోయినా	VERB
నాకు	PRON
తెలుస్తుంది	VERB
.	PUNCT

వాడికీ	PRON
ఈ	DET
సంగతి	NOUN
తెలుసు	VERB
.	PUNCT

వాడు	PRON
వినీ	VERB
మాట్లాడ	VERB
లేదు	VERB
.	PUNCT

ఉత్తరం	NOUN
రాస్తూ	VERB
,	PUNCT
సిగరెట్టు	NOUN
తాగుతున్నాడు	VERB
.	PUNCT

నడుస్తూ	VERB
,	PUNCT
కథ	NOUN
చెప్పేడు	VERB
.	PUNCT

అన్నం	NOUN
తింటూ	VERB
,	PUNCT
మాట్లాడకండి	VERB
.	PUNCT

పండ్లు	NOUN
కోస్తూ	VERB
,	PUNCT
కింద	ADV
పడ్డాడు	VERB
.	PUNCT

ఆయన	PRON
నవ్వుతూ	VERB
,	PUNCT
మాట్లాడతాడు	VERB
.	PUNCT

మాట్లాడుతూ	VERB
,	PUNCT
పని	NOUN
చేద్దాం	VERB
.	PUNCT

అందరూ	PRON
సమయానికి	NOUN
చేరేరు	VERB
.	PUNCT

అన్ని	DET
ఇళ్ళూ	NOUN
తగలబడ్డాయి	VERB
.	PUNCT

అన్నం	NOUN
అంతా	DET
తినేసేడు	VERB
.	PUNCT

అందరమూ	PRON
బయలుదేరటానికి	VERB
తయారుగా	ADV
ఉన్నాం	VERB
.	PUNCT

కొట్లాడుతున్నప్పుడు	VERB
ఇద్దరూ	PRON
దెబ్బ	NOUN
తిన్నారు	VERB
.	PUNCT

వాడి	PRON
కాళ్ళకు	NOUN
రెంటికీ	NOUN
గొలుసు	NOUN
కట్టి	VERB
ఉంది	VERB
.	PUNCT

మూడు	NUM
సంవత్సరాలలోనూ	NOUN
ఏ	DET
నాలుగు	NUM
ఐదు	NUM
సార్లో	NOUN
కలుసుకొన్నాం	VERB
.	PUNCT

ఒక్కర్తినీ	PRON
విడిచి	VERB
ఎలా	ADV
వెళ్ళను	VERB
?	PUNCT

కనబడిందంతా	ADV
చదివే	VERB
అలవాటు	NOUN
సుందరానికి	NOUN
ఉంది	VERB
.	PUNCT

తెనాలి	PROPN
బెజవాడల	PROPN
మధ్య	ADP
అన్ని	DET
కాలవల్లోనూ	NOUN
ఈదేను	VERB
.	PUNCT

ఇంతవరకూ	ADV
ఒక్క	NUM
దొంగనూ	NOUN
నీవు	PRON
పట్టుకోలేదు	VERB
.	PUNCT

చిన్నప్పటి	NOUN
నుంచీ	ADP
ఒక్క	NUM
తండ్రినే	NOUN
ఎరగటం	VERB
చేత	ADP
.	PUNCT

దేవుడు	NOUN
అంతటా	ADV
ఉన్నాడు	VERB
.	PUNCT

నేను	PRON
పదిగంటలకు	NOUN
కాలేజీకి	NOUN
వెళ్ళేవాణ్ణి	VERB
.	PUNCT

మహాత్మా	PROPN
గాంధీ	PROPN
మేక	NOUN
పాలు	NOUN
తాగేవాడు	VERB
.	PUNCT

ఆ	DET
ఇల్లు	NOUN
ఎవరు	PRON
కట్టేరు	VERB
?	PUNCT

ఈ	DET
ఊళ్ళో	NOUN
మేం	PRON
ఉంటాం	VERB
.	PUNCT

మీరు	PRON
ఏ	DET
రోజు	NOUN
వస్తారు	VERB
?	PUNCT

నాకు	PRON
ఒక	NUM
రూపాయి	NOUN
కావాలి	VERB
.	PUNCT

మాకు	PRON
ఒక	NUM
ఇల్లు	NOUN
,	PUNCT
ఒక	NUM
తోట	NOUN
ఉన్నాయి	VERB
.	PUNCT

ఆయన	PRON
అర	NUM
గంట	NOUN
సేపు	ADP
అక్కడ	ADV
కూర్చున్నాడు	VERB
.	PUNCT

ఆయన	PRON
ప్రతిరోజూ	ADV
తాగుతాడు	VERB
.	PUNCT

వాళ్ళు	PRON
చెరి	ADJ
ఒక	NUM
రూపాయి	NOUN
తీసుకొన్నారు	VERB
.	PUNCT

వాళ్ళు	PRON
తలా	ADJ
పది	NUM
రూపాయిలు	NOUN
పంచుకొన్నారు	VERB
.	PUNCT

రేపు	NOUN
వస్తాడో	VERB
!	PUNCT
రేపు	NOUN
వస్తాడేమో	VERB
!	PUNCT

బుట్టలో	NOUN
వేసేననుకున్నాను	VERB
.	PUNCT
మరిచేనో	VERB
ఏమో	PART
!	PUNCT

తలుపు	NOUN
బద్దలుకొట్టాలేమో	VERB
అనుకున్నా	VERB
.	PUNCT

నాకు	PRON
ఏమిటో	PART
భయంగా	ADV
ఉంది	VERB
.	PUNCT

అది	PRON
చాలా	DET
మంచిది	NOUN
.	PUNCT

మా	PRON
ఊరు	NOUN
పెద్దది	NOUN
.	PUNCT

ఈ	DET
పువ్వులు	NOUN
ఎర్రవి	NOUN
.	PUNCT

ఆ	DET
ఇల్లు	NOUN
కొత్తది	NOUN
.	PUNCT

ఆలాటి	ADJ
పని	NOUN
చేయగూడదు	VERB
.	PUNCT

ఇటువంటి	ADJ
గొడవ	NOUN
నాకు	NOUN
ఇష్టం	NOUN
లేదు	VERB
.	PUNCT

మీరు	PRON
నిన్నటి	NOUN
పత్రిక	NOUN
చూసేరా	VERB
?	PUNCT

అది	PRON
పెద్ద	ADJ
చెట్టు	NOUN
.	PUNCT

ఆమె	PRON
గడుసు	ADJ
మనిషి	NOUN
.	PUNCT

అతను	PRON
గొప్ప	ADJ
వక్త	NOUN
.	PUNCT

అది	PRON
మంచి	ADJ
పుస్తకం	NOUN
.	PUNCT

వాడు	PRON
తక్కువ	ADJ
పని	NOUN
చేసేడు	VERB
.	PUNCT

ఆ	DET
అమ్మాయి	NOUN
అంటే	DET
చిన్నదే	NOUN
?	PUNCT

ఆ	DET
పుస్తకం	NOUN
ఎంత	DET
ఖరీదు	NOUN
?	PUNCT

అది	PRON
చాలా	DET
చిన్న	ADJ
ఇల్లు	NOUN
.	PUNCT

వాడు	PRON
చాలా	DET
తక్కువ	ADJ
పని	NOUN
చేసేడు	VERB
.	PUNCT

మంచికి	NOUN
చెడ్డకి	NOUN
తేడా	NOUN
ఏమిటి	PRON
?	PUNCT

డబ్బు	NOUN
తక్కువ	NOUN
అయింది	VERB
.	PUNCT

అతనికి	NOUN
చాలా	NOUN
తెలుసు	VERB
.	PUNCT

రాము	PROPN
ఇంటికి	NOUN
వెళ్తాడు	VERB
.	PUNCT

రాము	PROPN
ఇంటికి	NOUN
వెళ్ళేడు	VERB
.	PUNCT

రాము	PROPN
పేపరు	NOUN
చదువుతాడు	VERB
.	PUNCT

రాము	PROPN
ఇంటికి	NOUN
వెళ్ళేడు	VERB
.	PUNCT

కమల	PROPN
ఇంటికి	NOUN
వెళ్ళింది	VERB
.	PUNCT

రామూ	PROPN
కమలా	PROPN
(ఇద్దరూ)	NOUN
ఇంటికి	NOUN
వెళ్ళేరు	VERB
.	PUNCT

వాళ్ళు	PRON
ఇద్దరూ	ADJ
ఇంటికి	NOUN
వెళ్ళేరు	VERB
.	PUNCT

రాము	PROPN
కాఫీ	PROPN
తాగేడు	VERB
.	PUNCT

రాము	PROPN
ఇంటికి	NOUN
వెళ్ళేడు	VERB
.	PUNCT

కమల	PROPN
బజారుకు	NOUN
వెళ్ళింది	VERB
.	PUNCT

రాము	PROPN
ఇంటికీ	NOUN
,	PUNCT
కమల	PROPN
బజారుకూ	NOUN
వెళ్ళేరు	VERB
.	PUNCT

రాము	PROPN
తొందరగా	ADV
నడుస్తాడు	VERB
.	PUNCT

కమల	PROPN
మెల్లగా	ADV
నడుస్తుంది	VERB
.	PUNCT

నువ్వు	PRON
అన్నం	NOUN
తిను	VERB
!	PUNCT

నువ్వు	PRON
ఇంటికి	NOUN
వెళ్ళి	VERB
అన్నం	NOUN
తిను	VERB
!	PUNCT

వారు	PRON
రావటం	VERB
ఎప్పుడు	ADV
?	PUNCT

మనం	PRON
అన్నం	NOUN
తినటం	VERB
ఎందుకు	ADV
?	PUNCT

మీరు	PRON
లండన్	NOUN
వెళ్ళటం	VERB
రేపా	NOUN
?	PUNCT

మీరు	PRON
రేపు	NOUN
వెళ్ళటం	VERB
లండనా	NOUN
?	PUNCT

మీ	PRON
ఇల్లు	NOUN
ఎక్కడ	ADV
?	PUNCT

మీకు	PRON
పిల్లలు	NOUN
ఎందరు	DET
?	PUNCT

వాడికి	PRON
పిచ్చి	NOUN
.	PUNCT

మీరు	PRON
నాకు	PRON
రెండు	NUM
రూపాయిలు	NOUN
బాకీ	NOUN
.	PUNCT

ఇవి	PRON
వారి	PRON
కాయితాలు	NOUN
.	PUNCT

ఆయన	PRON
ఇంటిపేరు	NOUN
ఏమిటి	PRON
?	PUNCT

వాడి	PRON
పని	NOUN
ఏమిటి	PRON
?	PUNCT

అది	PRON
వారి	PRON
కారు	NOUN
.	PUNCT

అది	PRON
వాళ్ళ	PRON
ఇల్లు	NOUN
.	PUNCT

దాని	PRON
పేరు	NOUN
కమల	PROPN
.	PUNCT

రాము	PROPN
వాళ్ళ	PRON
కొడుకు	NOUN
.	PUNCT

వాటి	PRON
పేరు	NOUN
ఏమిటి	PRON
?	PUNCT

ఒక	NUM
కిలోమీటరంటే	NOUN
వేయి	NUM
మీటర్లు	NOUN
.	PUNCT

మళ్ళీ	ADV
వచ్చేవు	VERB
అంటే	SCONJ
చూసుకో	VERB
!	PUNCT

నీవు	PRON
అన్నం	NOUN
తిన్నావు	VERB
అంటే	SCONJ
జ్వరం	NOUN
వస్తుంది	VERB
.	PUNCT

దగా	NOUN
చేసేడు	VERB
అంటే	SCONJ
చస్తాను	VERB
.	PUNCT

వాడు	PRON
బెదిరిస్తాడు	VERB
అన్నా	PART
నాకు	PRON
భయం	NOUN
లేదు	VERB
.	PUNCT

వాడి	PRON
బావమరదులు	NOUN
ఇద్దరూ	NUM
,	PUNCT
నేను	PRON
ముందు	ADV
చదవాలి	VERB
అంటే	SCONJ
,	PUNCT
నేను	PRON
ముందు	ADV
చదవాలి	VERB
అని	SCONJ
పోట్లాడుకు	VERB
పత్రికను	NOUN
చింపినంత	VERB
పని	NOUN
కూడా	ADV
చేసేరు	VERB
.	PUNCT

కాసుకో	VERB
అంటే	SCONJ
,	PUNCT
కాసుకో	VERB
అంటూ	PART
...	PUNCT

హైదరాబాద్	PROPN
వదిలివెళ్ళాలి	VERB
అంటే	SCONJ
,	PUNCT
మా	PRON
ఊరికి	NOUN
వచ్చి	VERB
కాపురం	NOUN
ఉండండి	VERB
.	PUNCT

నూరు	NUM
రూపాయిలకి	NOUN
చిల్లర	NOUN
కావాలి	VERB
అంటే	SCONJ
,	PUNCT
అతన్ని	PRON
అడగండి	VERB
.	PUNCT

బలపంతో	NOUN
ఇ	NOUN
ఈ	NOUN
అనే	SCONJ
రెండు	NUM
అక్షరాలు	NOUN
రాసింది	VERB
.	PUNCT

సుబ్బారావు	PROPN
అనే	SCONJ
ఆయన	PRON
...	PUNCT

ఆయన	PRON
తిరిగి	VERB
రాడు	VERB
అనే	SCONJ
భయం	NOUN
ఆమెని	NOUN
పీడిస్తోంది	VERB
.	PUNCT

వెళ్ళటమా	VERB
,	PUNCT
మానటమా	VERB
అనే	SCONJ
ప్రశ్న	NOUN
...	PUNCT

నీకు	PRON
పాట	NOUN
వచ్చు	VERB
అన్న	SCONJ
సంగతి	NOUN
అందరికీ	PRON
చెప్పేసేను	VERB
.	PUNCT

ఆయన	PRON
ఊరు	NOUN
నాకు	PRON
తెలుసు	VERB
.	PUNCT

మాకు	PRON
డబ్బు	NOUN
కావాలి	VERB
.	PUNCT

నా	PRON
పేరు	NOUN
మీకు	PRON
తెలియదా	VERB
?	PUNCT

వాడికి	PRON
డబ్బు	NOUN
లేదు	VERB
.	PUNCT

ఆమెకు	PRON
కోపం	NOUN
వచ్చింది	VERB
.	PUNCT

రాముడు	PROPN
సీతకు	PROPN
భర్త	NOUN
.	PUNCT

నాకు	PRON
ఈ	DET
ఊరు	NOUN
కొత్త	NOUN
.	PUNCT

మీరు	PRON
నాతో	PRON
ఆ	DET
సంగతి	NOUN
చెప్పనక్కరలేదు	VERB
.	PUNCT

అతను	PRON
ఇక్కడికి	NOUN
రానక్కరలేదు	VERB
.	PUNCT

ఆమె	PRON
నవ్వనే	VERB
నవ్వదు	VERB
.	PUNCT

నేను	PRON
రానే	VERB
రాను	VERB
.	PUNCT

నేను	PRON
చెప్పనే	VERB
చెప్పను	VERB
,	PUNCT
అతను	PRON
విననే	VERB
వినడు	VERB
.	PUNCT

మీరు	PRON
ఉండగా	VERB
,	PUNCT
నాకు	PRON
ఏం	PRON
భయం	NOUN
?	PUNCT

మిమ్మల్ని	PRON
చూడగానే	VERB
వెళ్ళేడు	VERB
.	PUNCT

మీరు	PRON
రా	VERB
బట్టి	SCONJ
ఈ	DET
పని	NOUN
అయింది	VERB
.	PUNCT

నీ	PRON
ఆలి	NOUN
కాలు	NOUN
విరగ	VERB
!	PUNCT

రాము	PROPN
పామును	NOUN
కర్రతో	NOUN
కొట్టేడు	VERB
.	PUNCT

దొంగ	NOUN
డబ్బులసంచితో	NOUN
పరిగెట్టేడు	VERB
.	PUNCT

కుక్క	NOUN
మాంసం	NOUN
ముక్కతో	NOUN
పరిగెత్తింది	VERB
.	PUNCT

కమల	PROPN
ఆకలితో	NOUN
ఉంది	VERB
.	PUNCT

కమల	PROPN
కడుపుతో	NOUN
ఉంది	VERB
.	PUNCT

వాడు	PRON
నావైపు	PRON
కోపంతో	NOUN
చూసేడు	VERB
.	PUNCT

రాము	PROPN
కమలతో	PROPN
పడుకొన్నాడు	VERB
.	PUNCT

అమెరికా	PROPN
వియత్నాంతో	PROPN
యుద్ధం	NOUN
చేసింది	VERB
.	PUNCT

నేను	PRON
వాడితో	PRON
కుస్తీ	NOUN
పట్టేను	VERB
.	PUNCT

రాము	PROPN
కమలతో	PROPN
ఆ	DET
విషయం	NOUN
చెప్పేడు	VERB
.	PUNCT

ఆయన	PRON
నాతో	PRON
ఎప్పుడూ	ADV
తెలుగులోనే	NOUN
మాట్లాడుతాడు	VERB
.	PUNCT

కమల	PROPN
ఇంటికి	NOUN
వెళ్ళింది	VERB
.	PUNCT

వాడు	PRON
నాకు	PRON
ఆ	DET
సంగతి	NOUN
చెప్పేడు	VERB
.	PUNCT

కమలకు	PROPN
కోపంగా	ADV
ఉంది	VERB
.	PUNCT

కమలకు	PROPN
కోపం	NOUN
వచ్చింది	VERB
.	PUNCT

కమలకు	PROPN
మొగుడు	NOUN
కావాలి	VERB
.	PUNCT

ఆ	DET
చెట్టు	NOUN
గాలికి	NOUN
పడిపోయింది	VERB
.	PUNCT

eNDaku	NOUN
ఆమె	PRON
మొహం	NOUN
నల్లబడ్డది	VERB
.	PUNCT

వాడు	PRON
స్నానానికి	NOUN
వెళ్ళేడు	VERB
.	PUNCT

మనం	PRON
ఐదుగంటలకు	NOUN
కలుసుకొందాం	VERB
.	PUNCT

రాము	PROPN
తొమ్మిదిగంటల	ADJ
బండికి	NOUN
వస్తాడు	VERB
.	PUNCT

రాము	PROPN
కమలకు	PROPN
భర్త	NOUN
.	PUNCT

వాడు	PRON
నాకు	PRON
తమ్ముడు	NOUN
.	PUNCT

ఇవేళ	NOUN
ఆఫీసుకు	NOUN
సెలవు	NOUN
.	PUNCT

రాము	PROPN
కమల	PROPN
భర్త	NOUN
.	PUNCT

వాడు	PRON
నా	PRON
తమ్ముడు	NOUN
.	PUNCT

నేను	PRON
మందు	NOUN
కోసం	ADP
వెళ్ళేను	VERB
.	PUNCT

రాము	PROPN
కమల	PROPN
కంటె	ADP
పొడుగు	NOUN
.	PUNCT

మా	PRON
ఊళ్ళో	NOUN
కాలేజీ	NOUN
ఉంది	VERB
.	PUNCT

రాము	PROPN
ఇంట్లో	NOUN
ఉన్నాడు	VERB
.	PUNCT

మీloo	PRON
ఎవడు	PRON
పెద్దవాడు	PRON
?	PUNCT

రాము	PROPN
ఇంట్లోకి	NOUN
వెళ్ళేడు	VERB
.	PUNCT

కమల	PROPN
ఇంట్లోనించి	NOUN
వచ్చింది	VERB
.	PUNCT

ఆయన	PRON
లండన్	PROPN
నుంచి	ADP
వచ్చేడు	VERB
.	PUNCT

రెండు	NUM
గంటల	NOUN
నుంచి	ADP
వాన	NOUN
కురుస్తున్నది	VERB
.	PUNCT

వాళ్ళు	PRON
నన్ను	PRON
గురించి	ADP
మాట్లాడుకొంటున్నారు	VERB
.	PUNCT

మీ	PRON
మాటల్ని	NOUN
బట్టి	ADP
ఆయన	PRON
సంగతి	NOUN
మాకు	PRON
తెలిసింది	VERB
.	PUNCT

మీరు	PRON
తొందరగా	ADV
నడవగూడదు	VERB
.	PUNCT

పెద్ద	ADJ
వాళ్ళను	PRON
ఎదిరించగూడదు	VERB
.	PUNCT

ఆడపిల్లలు	NOUN
పెద్దగా	ADV
నవ్వగూడదు	VERB
.	PUNCT

నాకు	PRON
ఆ	DET
సంగతి	NOUN
పదేళ్ళ	NOUN
నుంచి	ADP
తెలుసు	VERB
.	PUNCT

నేను	PRON
ఆ	DET
సంగతి	NOUN
తెలుసుకొన్నాను	VERB
.	PUNCT

వాడు	PRON
వెళ్ళేడు	VERB
.	PUNCT

వాడు	PRON
చచ్చాడు	VERB
.	PUNCT

వాడు	PRON
అన్నం	NOUN
తిన్నాడు	VERB
.	PUNCT

ఇవి	PRON
ఎవరి	PRON
కాయితాలు	NOUN
?	PUNCT

ఇది	PRON
దేని	PRON
మూట	NOUN
?	PUNCT

మనకు	PRON
ఏం	PRON
భయం	NOUN
?	PUNCT

దేవుడు	NOUN
చూస్తుండగా	VERB
మనకేం	PRON
భయం	NOUN
?	PUNCT

మీరు	PRON
నాతో	PRON
చెప్పండి	VERB
.	PUNCT

ఆయన	PRON
రాగానే	VERB
మీరు	PRON
నాతో	PRON
చెప్పండి	VERB
.	PUNCT

మనం	PRON
పరిగెత్తేం	VERB
.	PUNCT

మనం	PRON
వానలో	NOUN
తడవలేదు	VERB
.	PUNCT

మనం	PRON
పరిగెత్తబట్టి	VERB
వానలో	NOUN
తడవలేదు	VERB
.	PUNCT

అనగా	VERB
అనగా	VERB
ఒక	NUM
ఊళ్ళో	NOUN
ఒక	NUM
రాజు	NOUN
.	PUNCT

మనం	PRON
పరిగెత్తకపోబట్టి	VERB
వానలో	NOUN
తడిసేం	VERB
.	PUNCT

ఒరేయ్	PRON
వచ్చేవా	VERB
?	PUNCT

ఒరేయ్	PRON
వచ్చేవురా	VERB
?	PUNCT

ఒరేయ్	PRON
వచ్చేవుటరా	VERB
?	PUNCT

ఒసేయ్	PRON
వచ్చేవా	VERB
?	PUNCT

ఒసేయ్	PRON
వచ్చేవుటే	VERB
?	PUNCT

ఏమర్రా	PRON
వచ్చేర్రా	VERB
?	PUNCT

ఏమో	PRON
తిన్నావుటోయ్	VERB
?	PUNCT

ఏమండీ	PRON
తిన్నారండీ	VERB
?	PUNCT

ఏమండీ	PRON
తిన్నారటండీ	VERB
?	PUNCT

ఏం	PRON
చేస్తున్నావోయ్	VERB
?	PUNCT

ఏం	PRON
చేస్తున్నారండీ	VERB
?	PUNCT

ఏం	PRON
చేస్తున్నావే	VERB
?	PUNCT

ఓరి	INTJ
పిచ్చి	ADJ
వాడా	PRON
!	PUNCT

ఓసి	INTJ
!	PUNCT
పిచ్చి	ADJ
పిల్లా	NOUN
!	PUNCT

నాకు	PRON
ఈ	DET
డబ్బు	NOUN
చాలు	VERB
.	PUNCT

నాకు	PRON
ఈ	DET
డబ్బు	NOUN
చాలదు	VERB
.	PUNCT

అతనికి	PRON
ఈత	NOUN
వచ్చు	VERB
.	PUNCT

ఆమెకు	PRON
కుట్టుపని	NOUN
రాదు	VERB
.	PUNCT

మా	PRON
పిల్లవాడికి	NOUN
మాటలు	NOUN
వచ్చేయి	VERB
.	PUNCT

నేను	PRON
మీ	PRON
తాతగారిని	NOUN
ఎరుగుదును	VERB
.	PUNCT

నేను	PRON
మీ	PRON
తాతగారిని	NOUN
ఎరుగను	VERB
.	PUNCT

అతనికి	PRON
తెలుగు	NOUN
వచ్చు	VERB
.	PUNCT

అతనికి	PRON
తెలుగు	NOUN
తెలుసు	VERB
.	PUNCT

నువ్వు	PRON
ఈ	DET
పని	NOUN
చేయ	VERB
లేను	VERB
లే	PART
!	PUNCT

వంకాయకూర	NOUN
బాగుంది	VERB
లెండి	PART
!	PUNCT

మనం	PRON
తిందాం	VERB
పట్టు	VERB
.	PUNCT

మనం	PRON
అందరం	PRON
తిందాం	VERB
పట్టండి	VERB
.	PUNCT

నేనూ	PRON
వస్తున్నాను	VERB
,	PUNCT
పద	VERB
.	PUNCT

పదండి	VERB
,	PUNCT
ఆలస్యం	NOUN
అవుతున్నది	VERB
.	PUNCT

మనం	PRON
ఆడుకుందాం	VERB
పద	VERB
.	PUNCT

సినిమాకు	NOUN
వెళ్దాం	VERB
పదండి	VERB
.	PUNCT

నేను	PRON
అంత	DET
పాపిష్ఠిదాన్ని	NOUN
కాదు	VERB
సుమండి	PART
!	PUNCT

రాము	PROPN
వెళ్తాడా	VERB
?	PUNCT

కమల	PROPN
వెళ్తుందా	VERB
?	PUNCT

రాము	PROPN
వెళ్తాడా	VERB
,	PUNCT
కమల	PROPN
వెళ్తుందా	VERB
?	PUNCT

రామూ	PROPN
కమలా	PROPN
(ఇద్దరూ)	CCONJ
వెళ్తారా	VERB
?	PUNCT

రాము	PROPN
ఎప్పుడు	ADV
వెళ్ళేడు	VERB
?	PUNCT

కమల	PROPN
ఎప్పుడు	ADV
వెళ్ళింది	VERB
?	PUNCT

రామూ	PROPN
,	PUNCT
కమలా	PROPN
ఎప్పుడు	ADV
వెళ్ళేరు	VERB
?	PUNCT

మీకు	PRON
కాఫీ	NOUN
కావాలా	VERB
?	PUNCT

మీకు	PRON
టీ	NOUN
కావాలా	VERB
?	PUNCT

మీకు	PRON
కాఫీ	NOUN
కావాలా	VERB
,	PUNCT
టీ	NOUN
కావాలా	VERB
?	PUNCT

మీకు	PRON
కాఫీయా	NOUN
టీయా	NOUN
కావాలి	VERB
?	PUNCT

రాము	PROPN
ఎప్పుడు	ADV
ఎందుకు	ADV
ఎక్కడికి	NOUN
వెళ్ళేడు	VERB
.	PUNCT

ఆయన	PRON
ఉన్నారా	VERB
,	PUNCT
లేరా	VERB
?	PUNCT

ఇది	PRON
మీ	PRON
సంతకమా	NOUN
,	PUNCT
కాదా	VERB
?	PUNCT

మేం	PRON
చూడవచ్చునా	VERB
,	PUNCT
వద్దా	VERB
?	PUNCT

ఆయన	PRON
వస్తున్నారా	VERB
,	PUNCT
లేదా	VERB
?	PUNCT

అది	PRON
విన్నారా	VERB
,	PUNCT
లేదా	VERB
?	PUNCT

సుబ్బారావు	PROPN
ఇంటికా	NOUN
ఆఫీసుకా	NOUN
వెళ్ళటం	VERB
?	PUNCT

ఎవరు	PRON
వెళ్ళాలి	VERB
:	PUNCT
మీరా	PRON
,	PUNCT
నేనా	PRON
?	PUNCT

ఆయన	PRON
ఉన్నారా	VERB
?	PUNCT

ఆయన	PRON
లేరా	VERB
?	PUNCT

ఆయన	PRON
ఉన్నారా	VERB
,	PUNCT
లేరా	VERB
?	PUNCT

ఆయన	PRON
వస్తే	VERB
,	PUNCT
మీ	PRON
మాట	NOUN
చెబుతాను	VERB
.	PUNCT

నేను	PRON
వస్తే	VERB
,	PUNCT
ఆయన	PRON
రారు	VERB
.	PUNCT

ఆమె	PRON
కాఫీ	NOUN
కలిపితే	VERB
,	PUNCT
తాగేను	VERB
.	PUNCT

డబ్బు	NOUN
అడిగితే	VERB
ఆయన	PRON
ఇచ్చేరు	VERB
.	PUNCT

వాడు	PRON
రానే	VERB
వచ్చేడు	VERB
.	PUNCT

వాడు	PRON
రానే	VERB
వస్తాడు	VERB
.	PUNCT

ఆమె	PRON
అక్కడ	ADV
ఉండనే	VERB
ఉంటుంది	VERB
.	PUNCT

వాణ్ణి	PRON
వెళ్ళనిచ్చేను	VERB
.	PUNCT

ఆయన	PRON
మమ్మల్ని	PRON
బతకనివ్వడు	VERB
.	PUNCT

అతను	PRON
నాకంటే	NOUN
మూడింతలు	ADV
తింటాడు	VERB
.	PUNCT

ఇప్పుడు	ADV
టైం	NOUN
పదిన్నర	NUM
అయింది	VERB
.	PUNCT

వాళ్ళు	PRON
అమెరికాలో	NOUN
రెండేళ్ళ	NOUN
మూడు-నెలల	NOUN
నాలుగు	NUM
రోజులు	NOUN
ఉన్నారు	VERB
.	PUNCT

ఎవరు	PRON
వచ్చేరు	VERB
?	PUNCT

ఎవరూ	PRON
రాలేదు	VERB
.	PUNCT

ఏమి	PRON
చెబుతున్నారు	VERB
?	PUNCT

నేను	PRON
ఏమీ	PRON
చెప్పటం	VERB
లేదు	VERB
.	PUNCT

ఎక్కడ	ADV
దొరికింది	VERB
?	PUNCT

ఎక్కడా	ADV
దొరక	VERB
లేదు	VERB
.	PUNCT

ఎప్పుడు	ADV
షికారుకు	NOUN
వెళ్తారు	VERB
?	PUNCT

ఎవరికీ	PRON
ఏమీ	PRON
దక్కదు	VERB
.	PUNCT

పల్లెటూరి	NOUN
వాళ్ళు	PRON
అమాయకులు	NOUN
ఏమీ	ADV
కాదు	VERB
.	PUNCT

వీటిలో	PRON
ఏవీ	PRON
అమ్మను	VERB
.	PUNCT

ఇప్పటికి	NOUN
ఎక్కడా	ADV
చూడ	VERB
లేదు	VERB
.	PUNCT

మిమ్మల్ని	PRON
ఎప్పుడూ	ADV
శ్రమపెట్టను	VERB
.	PUNCT

ఏ	DET
ఇబ్బందీ	NOUN
ఉండదు	VERB
.	PUNCT

ఆ	DET
కూరంత	NOUN
రుచి	NOUN
మరి	ADV
ఏ	DET
కూరకీ	NOUN
లేదు	VERB
.	PUNCT

పిల్లలు	NOUN
పాలు	NOUN
తాగబోతున్నారు	VERB
.	PUNCT

నువ్వు	PRON
పడబోతున్నావు	VERB
.	PUNCT

ఆమె	PRON
నీళ్ళు	NOUN
తేబోయింది	VERB
.	PUNCT

దొంగ	NOUN
నెమ్మదిగా	ADV
లోపలికి	NOUN
దూరేడు	VERB
.	PUNCT

ఈ	DET
ఊళ్ళో	NOUN
వాన	NOUN
ఎక్కువగా	ADV
పడలేదు	VERB
.	PUNCT

మీరు	PRON
చాలా	ADV
తొందరగా	ADV
మాట్లాడతారు	VERB
.	PUNCT

ఆమె	PRON
చీకట్లో	NOUN
ఒంటరిగా	ADV
ఎలా	ADV
వెళ్తుంది	VERB
?	PUNCT

ఆయన	PRON
ఇక్కడికి	NOUN
ఎలా	ADV
వచ్చేరు	VERB
?	PUNCT

ఒక	NUM
సారి	NOUN
అలా	ADV
చూడండి	VERB
.	PUNCT

ఇలా	ADV
చెయ్యాలి	VERB
;	PUNCT
అలా	ADV
చెయ్యవద్దు	VERB
.	PUNCT

మీరు	PRON
మెత్తగా	ADV
చెబుతారు	VERB
.	PUNCT

మబ్బులు	NOUN
తెల్లగా	ADV
ఉన్నాయి	VERB
.	PUNCT

ఈ	DET
పాలు	NOUN
పలచగా	ADV
ఉన్నాయి	VERB
.	PUNCT

ఈ	DET
మామిడి	NOUN
పండ్లు	NOUN
పుల్లగా	ADV
ఉన్నాయి	VERB
.	PUNCT

నా	PRON
కాలు	NOUN
నొప్పిగా	ADV
ఉంది	VERB
.	PUNCT

అక్కడ	ADV
ఎవరు	PRON
నిలబడ్డారు	VERB
?	PUNCT

మీరు	PRON
ఈ	DET
సంగతి	NOUN
ఎక్కడ	ADV
విన్నారు	VERB
?	PUNCT

ఆయన	PRON
మద్రాసు	PROPN
వెళ్ళేడు	VERB
.	PUNCT

బయట	NOUN
ఎవరున్నారు	VERB
?	PUNCT

ఈ	DET
ఊళ్ళో	NOUN
ప్రతి	ADJ
ఇంటా	NOUN
ఉత్సవాలు	NOUN
జరుగుతాయి	VERB
.	PUNCT

ఇంటి	NOUN
చుట్టూరా	NOUN
ముండ్ల	ADJ
పొదలు	NOUN
పెరిగేయి	VERB
.	PUNCT

ముందు	NOUN
నుయ్యి	NOUN
,	PUNCT
వెనక	NOUN
గొయ్యి	NOUN
.	PUNCT

మీరు	PRON
దూరంగా	ADV
ఉండండి	VERB
.	PUNCT

వాడికి	PRON
చేతినిండా	NOUN
డబ్బు	NOUN
ఉంది	VERB
.	PUNCT

నీ	PRON
బీర్వా	NOUN
నిండా	ADP
పుస్తకాలు	NOUN
ఉన్నాయి	VERB
.	PUNCT

ఇంటి	NOUN
కప్పు	NOUN
కురుస్తుంది	VERB
.	PUNCT

ఇది	PRON
పుస్తకాల	NOUN
బీర్వా	NOUN
.	PUNCT

ఇది	PRON
చెప్పుల	NOUN
దుకాణం	NOUN
.	PUNCT

ఆయన	PRON
తమ్ముడు	NOUN
నాకు	NOUN
తెలుసు	NOUN
.	PUNCT

మీరు	PRON
రేపు	NOUN
మా	PRON
ఇంటికి	NOUN
వస్తారు	VERB
గదా	PART
?	PUNCT

ఇది	PRON
మీ	PRON
ఇల్లు	NOUN
గదూ	PART
?	PUNCT

అతను	PRON
మీ	PRON
తమ్ముడు	NOUN
గదూ	PART
?	PUNCT

నేను	PRON
ఒక్కణ్ణే	NOUN
వెళ్ళిపోతాను	VERB
,	PUNCT
చిన్నవాణ్ణి	NOUN
కాదుగా	VERB
ఇంకా	ADV
?	PUNCT

నిన్ను	PRON
కాపాడుతున్నాను	VERB
గదా	PART
,	PUNCT
నాకు	PRON
తిండి	NOUN
పెట్టు	VERB
!	PUNCT

స్నేహితుడవు	NOUN
గదా	PART
,	PUNCT
కాస్త	ADV
వాడికి	NOUN
నచ్చజెప్పుదూ	VERB
?	PUNCT

ఇద్దరూ	PRON
ఒక్కపోలికనే	NOUN
ఉన్నారు	VERB
గదా	PART
;	PUNCT
నువ్వు	PRON
ఎలా	ADV
ఆనవాళ్ళు	NOUN
తెలుసుకోగలవు	VERB
?	PUNCT

కమల	PROPN
తెలివైనదే	NOUN
కాకుండా	CCONJ
అందమైనది	NOUN
కూడా	ADV
.	PUNCT

కమల	PROPN
అక్క	NOUN
.	PUNCT

వెంకయ్య	PROPN
తమ్ముడు	NOUN
.	PUNCT

రామయ్యా	PROPN
వెంకయ్యలు	PROPN
అన్నదమ్ములు	NOUN
.	PUNCT

మాకూ	PRON
వాళ్ళకూ	PRON
ముగ్గురు	ADJ
ముగ్గురు	ADJ
పిల్లలు	NOUN
.	PUNCT

విమల	PROPN
పొడుగు	NOUN
.	PUNCT

కమలా	PROPN
విమలా	NOUN
పొడుగు	NOUN
.	PUNCT

మీరు	PRON
పెద్ద	NOUN
మనిషి	NOUN
.	PUNCT

ఆమె	PRON
అందమైనదే	NOUN
కాకుండా	CCONJ
పొట్టిది	NOUN
.	PUNCT

తల్లిదండ్రులు	NOUN
.	PUNCT

అన్నావదినలు	NOUN
.	PUNCT

బావా	NOUN
మరుదులు	NOUN
.	PUNCT

అతనికి	PRON
ముగ్గురు	ADJ
అక్కాచెల్లెళ్ళు	NOUN
.	PUNCT

మేం	PRON
నలుగురం	ADJ
అన్నాదమ్ములం	NOUN
.	PUNCT

ఆయన	PRON
పెద్దమనిషిగా	ADV
కనబడుతున్నారు	VERB
.	PUNCT

వాడు	PRON
పోకిరిమనిషిలాగున్నాడు	VERB
.	PUNCT

ఇది	PRON
చక్కెరలాగా	ADV
లేదు	VERB
,	PUNCT
ఉప్పులాగున్నది	VERB
.	PUNCT

ఆ	DET
కొండ	NOUN
పెద్దదిగా	ADV
ఉంది	VERB
.	PUNCT

యాభై	NUM
,	PUNCT
వంద	NUM
మధ్య	CCONJ
సంపాదిస్తున్నాడట	VERB
.	PUNCT

వాడి	PRON
భార్యకు	NOUN
ఒంట్లో	NOUN
బాగాలేదుట	VERB
.	PUNCT

చక్రవర్తి	PROPN
వస్తాడట	VERB
.	PUNCT

డాక్టరుగారు	NOUN
చాలా	DET
సార్లు	ADV
కొండవీడు	PROPN
చూసేడట	VERB
.	PUNCT

నువ్వు	PRON
మాంసం	NOUN
తింటావుటగదా	VERB
?	PUNCT

ఇది	PRON
పెద్ద	ADJ
ఇల్లు	NOUN
.	PUNCT

ఈ	DET
ఇల్లు	NOUN
పెద్దది	NOUN
.	PUNCT

ఇది	PRON
పెద్దది	NOUN
.	PUNCT

ఇది	PRON
పెద్దది	NOUN
కాదు	VERB
.	PUNCT

ఇవి	PRON
కొత్త	ADJ
బట్టలు	NOUN
.	PUNCT

ఈ	DET
బట్టలు	NOUN
కొత్తవి	NOUN
.	PUNCT

ఇవి	PRON
కొత్తవి	NOUN
.	PUNCT

వాడు	NOUN
మంచి	ADJ
అబ్బాయి	NOUN
.	PUNCT

ఆ	DET
అబ్బాయి	NOUN
మంచివాడు	NOUN
.	PUNCT

వాడు	PRON
మంచివాడు	NOUN
.	PUNCT

వాడు	PRON
మంచివాడు	NOUN
కాదు	VERB
.	PUNCT

ఆమె	PRON
చక్కని	ADJ
పిల్ల	NOUN
.	PUNCT

ఆ	DET
పిల్ల	NOUN
చక్కనిది	NOUN
.	PUNCT

ఆమె	PRON
చక్కనిది	NOUN
కాదు	VERB
.	PUNCT

ఆయన	PRON
గొప్ప	ADJ
గాయకుడు	NOUN
.	PUNCT

ఆ	DET
గాయకుడు	NOUN
గొప్పవాడు	NOUN
.	PUNCT

ఈ	DET
పని	NOUN
చెయ్యి	VERB
.	PUNCT

ఈ	DET
పని	NOUN
చెయ్యండి	VERB
.	PUNCT

ఆ	DET
బొమ్మ	NOUN
చూడు	VERB
.	PUNCT

ఆ	DET
బొమ్మ	NOUN
చూడండి	VERB
.	PUNCT

మా	PRON
ఊరికి	NOUN
రండి	NOUN
.	PUNCT

ఆ	DET
వైపు	NOUN
వెళ్ళకు	VERB
.	PUNCT

నన్ను	PRON
కొట్టకు	VERB
.	PUNCT

ఇప్పుడు	ADV
అన్నం	NOUN
తినకు	VERB
.	PUNCT

మా	PRON
ఇంటికి	NOUN
రాకు	VERB
.	PUNCT

నా	PRON
మాట	NOUN
విను	VERB
.	PUNCT

రేపు	NOUN
నేను	PRON
రాకపోవచ్చు	VERB
.	PUNCT

వారు	PRON
ఇంటిదగ్గర	NOUN
లేకపోవచ్చు	VERB
.	PUNCT

కమల	PROPN
పొగరుమోతు	NOUN
.	PUNCT

కమల	PROPN
మంచి	ADJ
మనిషి	NOUN
.	PUNCT

కమల	PROPN
పిల్లలని	NOUN
కొడుతుంది	VERB
.	PUNCT

కమల	PROPN
అందగత్తే	NOUN
కాని	CCONJ
,	PUNCT
పొగరుమోతు	NOUN
.	PUNCT

కమల	PROPN
మంచి	ADJ
మనిషే	NOUN
గాని	SCONJ
,	PUNCT
పిల్లలని	NOUN
కొడుతుంది	VERB
.	PUNCT

రాము	PROPN
బాగా	ADV
డబ్బు	NOUN
సంపాయిస్తాడు	VERB
.	PUNCT

రాము	PROPN
బాగా	ADV
డబ్బు	NOUN
సంపాయిస్తాడు	VERB
గాని	CCONJ
,	PUNCT
పైసా	NOUN
ఖర్చు	NOUN
పెట్టడు	VERB
.	PUNCT

మీరు	PRON
గాని	CCONJ
నేను	PRON
గాని	CCONJ
ఇంటిదగ్గిర	NOUN
ఉండాలి	VERB
.	PUNCT

నేను	PRON
చెప్పినట్టు	VERB
చెయ్యి	VERB
.	PUNCT

మీకు	PRON
నేను	PRON
వచ్చినట్టు	VERB
ఎవరు	PRON
చెప్పేరు	VERB
?	PUNCT

ఆయన	PRON
భోంచేసి	VERB
ఆఫీసుకు	NOUN
వెళ్ళిపోతున్నట్లు	VERB
చూసేను	VERB
.	PUNCT

ఆమె	PRON
ఎస్.	PROPN
ని	ADP
భోజనానికి	NOUN
పిలిచినట్లు	VERB
భర్తతో	NOUN
చెప్పింది	VERB
.	PUNCT

బాబుకి	NOUN
జబ్బున్నట్టు	VERB
ఉంది	VERB
.	PUNCT

డాక్టరు	NOUN
ఇక్కడే	ADV
ఉన్నట్టుందే	VERB
!	PUNCT

నీవు	PRON
నన్ను	PRON
వెళ్ళనిచ్చేటట్టు	VERB
లేదు	VERB
.	PUNCT

దొంగలు	NOUN
పడుతున్నట్లు	VERB
ఉన్నారు	VERB
.	PUNCT

ఎక్కడికో	NOUN
వెళ్ళిపోతున్నట్లు	VERB
ఉన్నావు	VERB
.	PUNCT

అతను	PRON
ఎరగనట్టు	VERB
నటించేడు	VERB
.	PUNCT

ఆమె	PRON
నిద్రపోతున్నట్లు	VERB
నటించింది	VERB
.	PUNCT

నాకు	PRON
మీ	PRON
పేరు	NOUN
విన్నట్టు	VERB
జ్ఞాపకం	NOUN
లేదు	VERB
.	PUNCT

అందరికీ	PRON
అర్థం	NOUN
అయ్యేటట్టు	VERB
పరిస్థితులు	NOUN
వివరించేరు	VERB
.	PUNCT

అందరికీ	PRON
సరిపోయేటట్టు	VERB
చేయించు	VERB
.	PUNCT

ఎవరు	PRON
చెప్పినా	VERB
,	PUNCT
వినకండి	VERB
.	PUNCT

ఎవణ్ణి	PRON
చూసినా	VERB
,	PUNCT
పిచ్చివాడే	NOUN
.	PUNCT

ఎక్కడికి	NOUN
పోయినా	VERB
,	PUNCT
అన్నం	NOUN
లేదు	VERB
.	PUNCT

మీరు	PRON
ఎంత	DET
చెప్పినా	VERB
,	PUNCT
లాభం	NOUN
లేదు	VERB
.	PUNCT

ఏం	PRON
జరిగినా	VERB
,	PUNCT
నాతో	PRON
చెప్పు	VERB
.	PUNCT

మీరు	PRON
ఇప్పుడు	ADV
అన్నం	NOUN
తినవచ్చు	VERB
.	PUNCT

ఆయన	PRON
చెబితే	VERB
,	PUNCT
ఆమె	PRON
తినవచ్చు	VERB
.	PUNCT

మీరు	PRON
ఉంటే	VERB
ఉండవచ్చు	VERB
,	PUNCT
వెళ్తే	VERB
వెళ్ళవచ్చు	VERB
.	PUNCT

కమల	NOUN
వంట	NOUN
చేస్తున్నది	VERB
.	PUNCT

నిన్నటి	NOUN
నుంచి	ADP
వాన	NOUN
కురుస్తున్నది	VERB
.	PUNCT

రేపు	NOUN
మీ	PRON
ఇంటికి	NOUN
ఎవరు	PRON
వస్తున్నారు	VERB
?	PUNCT

మిమ్మల్ని	PRON
ఇప్పుడే	ADV
చూస్తున్నాను	VERB
.	PUNCT

వాళ్ళు	PRON
రామాయణం	NOUN
వింటున్నారు	VERB
.	PUNCT

పిల్లలు	NOUN
ఏడుస్తున్నారు	VERB
.	PUNCT

మావాడు	PRON
రేపు	NOUN
ఈవేళకు	NOUN
వస్తుంటాడు	VERB
.	PUNCT

మనం	PRON
ఎల్లుండి	NOUN
విమానంలో	NOUN
వెళ్తుంటాం	VERB
.	PUNCT

వాడు	PRON
ఆకలిగా	ADV
ఉన్నాడు	VERB
.	PUNCT

వాడికి	PRON
ఆకలిగా	ADV
ఉంది	VERB
.	PUNCT

వాడికి	PRON
చలిగా	ADV
ఉంది	VERB
.	PUNCT

ప్రస్తుతం	NOUN
అతిథినన్న	NOUN
మాట	NOUN
.	PUNCT
తరువాత	ADV
అద్దె	NOUN
వాడుగా	PRON
మారాలే	VERB
?	PUNCT
ఘోరం	NOUN
!	PUNCT

తమాషా	NOUN
చేస్తున్నావన్న	VERB
మాట	NOUN
!	PUNCT

ఎవరో	PRON
వచ్చేరు	VERB
.	PUNCT

ఎవరినో	PRON
చూసేను	VERB
.	PUNCT

ఎవరిదో	PRON
పేరు	NOUN
రాసేడు	VERB
.	PUNCT

ఎక్కడో	ADV
దాగి	VERB
ఉన్నాడు	VERB
.	PUNCT

ఎక్కణ్ణుంచో	ADV
వచ్చేరు	VERB
.	PUNCT

ఎప్పుడో	ADV
చెబుతాను	VERB
.	PUNCT

ఎందుచేతనో	ADV
లోపలికి	NOUN
రాలేదు	VERB
.	PUNCT

ఎట్లాగో	ADV
పూర్తి	NOUN
చేస్తాను	VERB
.	PUNCT

ఏదో	PRON
ఇవ్వండి	VERB
.	PUNCT

ఏదో	PRON
ఆలోచిస్తూ	VERB
కూర్చుంది	VERB
.	PUNCT

ఆయన	PRON
మన	PRON
ఊరుకు	NOUN
ఎందుకు	ADV
waccEEDoo	VERB
!	PUNCT

కమలకు	PROPN
జబ్బు	NOUN
ఎప్పుడు	ADV
తగ్గుతుందో	VERB
!	PUNCT

ఆమె	PRON
ఎందుకోగాని	ADV
అతన్ని	PRON
ఆకర్షించింది	VERB
.	PUNCT

కుక్క	NOUN
ఎందుకోగాని	ADV
మొరుగుతోంది	VERB
గట్టిగా	ADV
.	PUNCT

ఇంతలో	ADV
ఎక్కణ్ణించోగాని	ADV
తొందరతొందరగా	ADV
వచ్చేడు	VERB
.	PUNCT

నేను	PRON
ఎన్నో	DET
దేశాలు	NOUN
చూసేను	VERB
.	PUNCT

రామదాసు	PROPN
ఎంతో	DET
గొప్ప	ADJ
భక్తుడు	NOUN
.	PUNCT

ఎందరో	PRON
మహానుభావులు	NOUN
!	PUNCT

ఎవరో	PRON
ఒకరు	NUM

ఏదో	PRON
ఒకటి	NOUN

ఎప్పుడో	ADV
ఒకప్పుడు	NOUN

ఎన్నో	DET
కొన్ని	PRON

ఎందుకో	PRON
ఒకందుకు	NOUN

ఎవరెవరు	PRON
ఏ	DET
ఏ	DET
వేళల	NOUN
వెళ్తారో	VERB
ఎస్	PROPN
కి	ADP
బాగా	DET
గుర్తు	NOUN
.	PUNCT

మనం	PRON
రేపు	NOUN
బయలుదేరుదాము	VERB
.	PUNCT

వాడు	PRON
పగలు	NOUN
నిద్ర	NOUN
పోతాడు	VERB
.	PUNCT

అతను	PRON
ఇంకా	ADV
రాలేదు	VERB
.	PUNCT

అప్పుడు	ADV
నువ్వు	PRON
ఏమన్నావు	VERB
?	PUNCT

అతను	PRON
నాకు	PRON
వెంటనే	ADV
డబ్బిచ్చేడు	VERB
.	PUNCT

కమల	PROPN
నాకు	PRON
ఇదివరకే	ADV
తెలుసు	VERB
.	PUNCT

నేను	PRON
ఆలస్యంగా	ADV
నిద్ర	NOUN
లేస్తాను	VERB
.	PUNCT

మీరు	PRON
ముందుగా	ADV
వెళ్ళాలి	VERB
.	PUNCT

అతను	PRON
మూడు	NUM
రోజులుగా	ADV
జ్వరంతో	NOUN
బాధ	NOUN
పడుతున్నాడు	VERB
.	PUNCT

ఆ	DET
తర్వాత	ADV
ఏం	PRON
జరిగింది	VERB
?	PUNCT

ఈ	DET
మధ్య	ADV
హైదరాబాద్	PROPN
వెళ్ళేను	VERB
.	PUNCT

వీడు	PRON
మా	PRON
అబ్బాయి	NOUN
.	PUNCT

అతను	PRON
మా	PRON
తమ్ముడు	NOUN
కాదు	VERB
.	PUNCT

ఆమె	PRON
నా	PRON
స్నేహితురాలు	NOUN
.	PUNCT

ఇది	PRON
మా	PRON
చెల్లెలి	NOUN
చీరె	NOUN
.	PUNCT

అది	PRON
మా	PRON
ఇంటి	NOUN
gooDa	NOUN
.	PUNCT

అది	PRON
ఎవరి	PRON
ఇల్లు	NOUN
?	PUNCT

ఇది	PRON
ఎవరి	PRON
కలం	NOUN
?	PUNCT

ఇవి	PRON
ఎవరి	PRON
బట్టలు	NOUN
?	PUNCT

ఇవి	PRON
మన	PRON
పుస్తకాలు	NOUN
.	PUNCT

ఇది	PRON
మన	PRON
దేశం	NOUN
.	PUNCT

నేను	PRON
రావటం	VERB
లేదు	VERB
.	PUNCT

మేము	PRON
నిన్ను	PRON
పిలవటం	VERB
లేదు	VERB
.	PUNCT
