एक	DET
होता	AUX
राजा	NOUN
.	PUNCT

त्याला	PRON
एक	DET
मुलगा	NOUN
होता	AUX
.	PUNCT

एकुलता	ADJ
एक	DET
मुलगा	NOUN
म्हणून	CCONJ
राजा	NOUN
-	PUNCT
राणी	NOUN
त्याला	PRON
जीव	NOUN
की	ADV
प्राण	NOUN
करित	VERB
.	PUNCT

परंतु	CCONJ
लाडामुळे	NOUN
तो	PRON
बिघडला	VERB
.	PUNCT

राजा	NOUN
मनात	NOUN
म्हणाला	VERB
,	PUNCT
"	PUNCT
याला	PRON
घालवून	VERB
द्यावे	VERB
.	PUNCT
"	PUNCT

"	PUNCT
टक्केटोणपे	NOUN
खाऊन	VERB
शहाणा	ADJ
होऊन	VERB
घरी	ADV
येईल	VERB
.	PUNCT
"	PUNCT

राजाने	NOUN
राणीला	NOUN
हा	DET
विचार	NOUN
सांगितला	VERB
.	PUNCT

आज	ADV
ना	CCONJ
उद्या	ADV
सुधारेल	VERB
तो	PRON
.	PUNCT

"	PUNCT
नका	AUX
घालवू	VERB
त्याला	PRON
दूर	ADJ
!	PUNCT
"	PUNCT
ती	PRON
रडत	VERB
म्हणाली	VERB
.	PUNCT

"	PUNCT
तुम्हा	DET
बायकांना	NOUN
कळत	VERB
नाही	AUX
.	PUNCT
"	PUNCT

"	PUNCT
आज	ADV
त्याला	PRON
हाकलून	VERB
देणे	VERB
तुला	PRON
कठोरपणाचे	NOUN
वाटले	VERB
तरी	SCONJ
तेच	PRON
हिताचे	NOUN
आहे	AUX
,	PUNCT
"	PUNCT
तो	PRON
म्हणाला	VERB
.	PUNCT

राणी	NOUN
काय	PRON
करणार	VERB
,	PUNCT
काय	PRON
बोलणार	VERB
?	PUNCT

रात्रभर	NOUN
तिला	PRON
झोप	NOUN
आली	VERB
नाही	AUX
.	PUNCT

सकाळी	ADV
राजा	NOUN
मुलाला	NOUN
म्हणाला	VERB
,	PUNCT
राज्यातून	NOUN
चालता	VERB
हो	VERB
.	PUNCT

आपण	PRON
आता	ADV
शहाणे	ADJ
झालोत	AUX
असे	ADV
वाटेल	VERB
तेव्हा	ADV
घरी	ADV
ये	VERB
!	PUNCT

तुमची	PRON
आज्ञा	NOUN
प्रमाण	NOUN
,	PUNCT
असे	ADJ
म्हणून	VERB
पित्याच्या	NOUN
पाया	NOUN
पडून	VERB
तो	PRON
आईचा	NOUN
निरोप	NOUN
घ्यायला	VERB
गेला	VERB
.	PUNCT

तो	PRON
आईच्या	NOUN
पाया	NOUN
पडला	VERB
.	PUNCT

आईने	NOUN
त्याला	PRON
पोटाशी	NOUN
धरले	VERB
.	PUNCT

हे	PRON
घे	VERB
चार	NUM
लाडू	NOUN
.	PUNCT

भूक	NOUN
-	PUNCT
तहानेचे	NOUN
लाडू	NOUN
,	PUNCT
ती	PRON
म्हणाली	VERB
.	PUNCT

आईचा	NOUN
आशीर्वाद	NOUN
घेऊन	VERB
,	PUNCT
ते	PRON
लाडू	NOUN
घेऊन	VERB
,	PUNCT
धनुष्यबाण	NOUN
आणि	CCONJ
तलवार	NOUN
घेऊन	VERB
तो	PRON
निघाला	VERB
.	PUNCT

पायी	ADV
जात	VERB
होता	AUX
.	PUNCT

दिवस	NOUN
गेला	VERB
,	PUNCT
रात्र	NOUN
गेली	VERB
.	PUNCT

चालत	VERB
होता	AUX
.	PUNCT

थकल्यावर	VERB
दगडाची	NOUN
उशी	NOUN
करून	VERB
वडाखाली	NOUN
झोपे	VERB
.	PUNCT

त्याला	PRON
भूक	NOUN
लागली	VERB
.	PUNCT

त्या	DET
लाडूंची	NOUN
त्याला	PRON
आठवण	NOUN
झाली	AUX
.	PUNCT

एक	DET
झरा	NOUN
खळखळ	ADV
वाहत	VERB
होता	AUX
.	PUNCT

हातपाय	NOUN
धुऊन	VERB
तेथे	ADV
बसला	VERB
.	PUNCT

त्याने	PRON
एक	DET
लाडू	NOUN
फोडला	VERB
तर	CCONJ
आतून	ADV
एक	DET
रत्न	NOUN
निघाले	VERB
.	PUNCT

त्याला	PRON
आनंद	NOUN
झाला	VERB
.	PUNCT

आईला	NOUN
किती	ADJ
चिंता	NOUN
ते	PRON
मनात	NOUN
येऊन	VERB
त्याचे	PRON
डोळे	NOUN
भरून	VERB
आले	VERB
.	PUNCT

लाडू	NOUN
खाऊन	VERB
,	PUNCT
पाणी	NOUN
पिऊन	VERB
तो	PRON
पुढे	ADP
निघाला	VERB
,	PUNCT
तर	CCONJ
त्याला	PRON
एक	DET
हरिणी	NOUN
दिसली	VERB
.	PUNCT

तिच्याभोवती	PRON
तिची	PRON
पाडसे	NOUN
खेळत	VERB
होती	AUX
.	PUNCT

राजपुत्राने	NOUN
धनुष्याला	NOUN
बाण	NOUN
लावला	VERB
.	PUNCT

तो	PRON
त्या	DET
हरिणीला	NOUN
मारणार	VERB
होता	AUX
;	PUNCT
परंतु	CCONJ
त्याला	PRON
स्वतःची	PRON
आई	NOUN
आठवली	VERB
.	PUNCT

माझी	PRON
आई	NOUN
मला	PRON
,	PUNCT
तशी	ADV
ही	DET
हरिणी	NOUN
या	DET
पाडसांना	NOUN
.	PUNCT

त्याचे	PRON
हृदय	NOUN
द्रवले	VERB
.	PUNCT

त्याने	PRON
बाण	NOUN
परत	ADV
भात्यात	NOUN
ठेवला	VERB
.	PUNCT

तो	PRON
पुढे	ADP
निघाला	VERB
.	PUNCT

काही	ADV
अंतर	NOUN
चालून	VERB
गेल्यावर	VERB
मागून	ADV
कोणीतरी	DET
माणूस	NOUN
येत	VERB
आहे	AUX
,	PUNCT
असे	SCONJ
त्याला	PRON
वाटले	VERB
.	PUNCT

एक	DET
स्त्री	NOUN
येत	VERB
होती	AUX
.	PUNCT

साधीभोळी	ADJ
,	PUNCT
निष्पाप	ADJ
दिसत	VERB
होती	AUX
.	PUNCT

तो	PRON
थांबला	VERB
.	PUNCT

ती	DET
स्त्री	NOUN
जवळ	ADV
आली	VERB
.	PUNCT

कोण	PRON
तुम्ही	PRON
,	PUNCT
कुठल्या	ADJ
?	PUNCT

या	DET
रानावनातून	NOUN
एकट्या	ADV
कुठे	ADV
जाता	VERB
?	PUNCT

मी	PRON
तुझी	PRON
बहीण	NOUN
होऊ	VERB
इच्छिते	VERB
.	PUNCT

मला	PRON
नाही	INTJ
म्हणू	VERB
नकोस	AUX
,	PUNCT
ती	PRON
म्हणाली	VERB
.	PUNCT

ये	VERB
माझ्याबरोबर	PRON
.	PUNCT

भावाला	NOUN
बहीण	NOUN
झाली	AUX
.	PUNCT
तो	PRON
म्हणाला	VERB
.	PUNCT

दोघे	PRON
जात	VERB
होती	AUX
.	PUNCT

दोघांना	NOUN
भूक	NOUN
लागली	VERB
.	PUNCT

एका	DET
खळखळ	ADV
वाहणाऱ्या	VERB
झऱ्याच्या	NOUN
काठी	NOUN
दोघं	PRON
बसली	VERB
.	PUNCT

त्याने	PRON
एक	DET
लाडू	NOUN
फोडला	VERB
.	PUNCT

त्यातून	PRON
पुन्हा	ADV
एक	DET
रत्न	NOUN
निघाले	VERB
.	PUNCT

अर्धा	ADJ
अर्धा	ADJ
लाडू	NOUN
दोघांनी	PRON
खाल्ला	VERB
.	PUNCT

इतक्यात	ADV
केविलवाणा	NOUN
शब्द	NOUN
कानी	ADV
आला	VERB
.	PUNCT

एका	DET
सापाने	NOUN
बेडकाला	NOUN
तोंडात	NOUN
धरले	VERB
होते	AUX
.	PUNCT

बेडूक	NOUN
वाचवावा	VERB
तर	ADV
सापाची	NOUN
भूक	NOUN
कशी	ADV
शमवायची	VERB
?	PUNCT

राजपुत्र	NOUN
जवळच्या	ADJ
तलवारीने	NOUN
मांडीचे	NOUN
मांस	NOUN
कापून	VERB
सापाकडे	NOUN
फेकले	VERB
.	PUNCT

तो	DET
लाल	ADJ
तुकडा	NOUN
पाहून	VERB
बेडकाला	NOUN
सोडून	VERB
साप	NOUN
तिकडे	ADV
धावला	VERB
.	PUNCT

बेडूक	NOUN
टुणटुण	ADV
उड्या	NOUN
मारत	VERB
गेला	VERB
.	PUNCT

भावाची	NOUN
रक्तबंबाळ	NOUN
झालेली	VERB
मांडी	NOUN
पाहून	VERB
बहिणीचे	NOUN
डोळे	NOUN
भरून	VERB
आले	VERB
.	PUNCT

ती	PRON
पटकन	ADV
कुठेतरी	ADV
गेली	VERB
आणि	CCONJ
पाला	NOUN
घेऊन	VERB
आली	VERB
.	PUNCT

तिने	PRON
त्या	DET
पाल्याचा	NOUN
चोळामोळा	NOUN
करून	VERB
तो	DET
पाला	NOUN
आपला	PRON
पदर	NOUN
फाडून	VERB
जखमेवर	NOUN
बांधला	VERB
.	PUNCT

दोघे	PRON
पुढे	ADV
जाऊ	VERB
लागली	AUX
.	PUNCT

तो	DET
पाठीमागून	ADV
कोणी	PRON
येत	VERB
आहे	AUX
असे	ADV
त्यांना	PRON
वाटले	VERB
.	PUNCT

दोघे	PRON
थांबली	VERB
.	PUNCT

एक	DET
तरुण	NOUN
येत	VERB
होता	AUX
.	PUNCT

कोण	PRON
रे	INTJ
तू	PRON
?	PUNCT

कुठला	ADJ
?	PUNCT

रानावनात	NOUN
एकटा	ADJ
का	ADV
?	PUNCT
राजपुत्राने	NOUN
विचारले	VERB
.	PUNCT

मला	PRON
तुमचा	PRON
भाऊ	NOUN
होऊ	VERB
दे	AUX
,	PUNCT
तो	PRON
म्हणाला	VERB
.	PUNCT

ठीक	INTJ
,	PUNCT
हरकत	NOUN
नाही	AUX
,	PUNCT
राजपुत्र	NOUN
म्हणाला	VERB
.	PUNCT

तिघे	PRON
चालू	VERB
लागली	AUX
.	PUNCT

तो	DET
आणखी	ADJ
एक	NUM
तरुण	ADJ
धावत	VERB
आला	VERB
.	PUNCT

तू	PRON
रे	INTJ
कोण	PRON
?	PUNCT
राजपुत्राने	NOUN
विचारले	VERB
.	PUNCT

मला	PRON
तुमचा	PRON
भाऊ	NOUN
होऊ	VERB
दे	VERB
.	PUNCT

नाही	INTJ
म्हणू	VERB
नका	AUX
.	PUNCT

तोही	PRON
म्हणाला	VERB
.	PUNCT

राजपुत्राने	NOUN
त्यालाही	PRON
आपल्याबरोबर	PRON
घेतले	VERB
.	PUNCT

ती	DET
चौघे	PRON
जात	VERB
होती	AUX
.	PUNCT

सर्वांना	PRON
भुका	NOUN
लागल्या	VERB
.	PUNCT

दोन	NUM
लाडू	NOUN
शिल्लक	ADJ
होते	AUX
.	PUNCT

एका	DET
सरोवराच्या	NOUN
काठी	ADV
चौघे	PRON
बसली	VERB
.	PUNCT

राजपुत्राने	NOUN
दोन्ही	NUM
लाडू	NOUN
फोडले	VERB
.	PUNCT

त्यांतूनही	PRON
दोन	NUM
रत्ने	NOUN
बाहेर	ADP
निघाली	VERB
.	PUNCT

अर्धा	ADJ
लाडू	NOUN
सर्वांनी	PRON
खाल्ला	VERB
.	PUNCT

सर्वांना	PRON
ढेकर	NOUN
निघाली	VERB
.	PUNCT

आईच्या	NOUN
हातचा	NOUN
लाडू	NOUN
,	PUNCT
त्याने	PRON
नाही	AUX
तृप्ती	NOUN
व्हावयाची	VERB
तर	SCONJ
कशाने	PRON
?	PUNCT

जवळच	ADJ
एक	DET
शहर	NOUN
दिसत	VERB
होते	AUX
.	PUNCT

प्रासादांचे	NOUN
,	PUNCT
मंदिरांचे	NOUN
कळस	NOUN
दिसत	VERB
होते	AUX
.	PUNCT

राजपुत्र	NOUN
दोन	NUM
भावांना	NOUN
म्हणाला	VERB
,	PUNCT
त्या	DET
राजधानीत	NOUN
जा	VERB
.	PUNCT

ही	DET
रत्ने	NOUN
विकून	VERB
एक	DET
राजवाडा	NOUN
खरेदी	NOUN
करा	VERB
.	PUNCT

तेथे	ADV
नोकरचाकर	NOUN
ठेवा	VERB
आणि	CCONJ
हत्ती	NOUN
,	PUNCT
घोडे	NOUN
विकत	NOUN
घ्या	VERB
.	PUNCT

घोडेस्वार	NOUN
तयार	ADJ
करा	VERB
.	PUNCT

मला	PRON
सन्मानाने	NOUN
मिरवत	VERB
नेण्यासाठी	VERB
या	VERB
!	PUNCT

दोघे	DET
भाऊ	NOUN
त्या	DET
नगरीत	NOUN
गेले	VERB
.	PUNCT

दोन	NUM
रत्ने	NOUN
त्यांनी	PRON
विकली	VERB
.	PUNCT

त्यांचे	PRON
दहा	NUM
लाख	NUM
रुपये	NOUN
मिळाले	VERB
.	PUNCT

दुसरी	ADJ
दोन	NUM
विकावी	VERB
लागली	AUX
नाहीत	AUX
.	PUNCT

त्यांनी	PRON
राजवाडा	NOUN
खरेदी	NOUN
केली	VERB
,	PUNCT
नोकरचाकर	NOUN
ठेवले	VERB
.	PUNCT

राजवाडा	NOUN
शृंगारला	VERB
गेला	VERB
.	PUNCT

चांदी	NOUN
-	PUNCT
सोन्याची	NOUN
भांडी	NOUN
होती	AUX
.	PUNCT

त्या	DET
दोघा	DET
भावांनी	NOUN
घोडेस्वार	NOUN
तैनातीस	NOUN
ठेवले	VERB
आणि	CCONJ
हत्ती	NOUN
सजविला	NOUN
.	PUNCT

त्याच्यावर	PRON
अंबारी	NOUN
ठेवण्यात	VERB
आली	AUX
.	PUNCT

आली	VERB
सारी	ADJ
मंडळी	NOUN
वनात	NOUN
.	PUNCT

राजपुत्र	NOUN
अंबारीत	NOUN
बसला	VERB
.	PUNCT

बहीण	NOUN
एका	DET
पालखीत	NOUN
बसली	VERB
.	PUNCT

दोन	NUM
भाऊ	NOUN
दोन	NUM
उमद्या	ADJ
घोड्यांवर	NOUN
बसले	VERB
.	PUNCT

मिरवणूक	NOUN
निघाली	VERB
,	PUNCT
शहरात	NOUN
आली	VERB
.	PUNCT

दुतर्फा	ADJ
लोक	NOUN
बघत	VERB
होते	AUX
.	PUNCT

घरांतून	NOUN
,	PUNCT
गच्चीतून	NOUN
लोक	NOUN
बघत	VERB
होते	AUX
.	PUNCT

राजपुत्र	NOUN
राजवाड्यात	NOUN
उतरला	VERB
.	PUNCT

तेथील	ADJ
जीवन	NOUN
सुरू	ADV
झाले	VERB
.	PUNCT

राजाच्या	NOUN
कानावर	NOUN
वार्ता	NOUN
गेली	VERB
.	PUNCT

राजाचा	NOUN
एक	DET
खुशमस्कऱ्या	NOUN
होता	AUX
.	PUNCT

राजाने	NOUN
त्याला	PRON
विचारले	VERB
,	PUNCT
कोण	PRON
आला	VERB
आहे	AUX
राजपुत्र	NOUN
?	PUNCT

मी	PRON
बातमी	NOUN
काढून	VERB
आणतो	VERB
,	PUNCT
तो	PRON
म्हणाला	VERB
.	PUNCT

खुशमस्कऱ्या	NOUN
राजपुत्राकडे	NOUN
गेला	VERB
.	PUNCT

पहारेकऱ्यांनी	NOUN
त्याला	PRON
हटकले	VERB
.	PUNCT

तो	PRON
म्हणाला	VERB
,	PUNCT
मी	PRON
येथल्या	PRON
राजाची	NOUN
करमणूक	NOUN
करणारा	VERB
.	PUNCT

तुमच्या	PRON
राजपुत्राची	NOUN
करमणूक	NOUN
करायला	VERB
आलो	VERB
आहे	AUX
.	PUNCT

नोकराने	NOUN
राजपुत्राला	NOUN
जाऊन	VERB
विचारले	VERB
.	PUNCT

पाठवा	VERB
त्याला	PRON
,	PUNCT
राजपुत्र	NOUN
म्हणाला	VERB
.	PUNCT

खुषमस्कऱ्या	NOUN
आला	VERB
.	PUNCT

राजपुत्राची	NOUN
तो	PRON
करमणूक	NOUN
करू	VERB
लागला	AUX
.	PUNCT

तो	DET
तेथील	ADJ
हास्यविनोद	NOUN
ऐकून	VERB
त्याची	PRON
बहीणही	NOUN
आली	VERB
.	PUNCT

थोड्या	ADJ
वेळाने	NOUN
खुशमस्कऱ्या	NOUN
जायला	VERB
निघाला	AUX
.	PUNCT

येत	VERB
जा	VERB
!	PUNCT
राजपुत्र	NOUN
म्हणाला	VERB
.	PUNCT

राजाने	NOUN
येऊ	VERB
दिले	AUX
तर	CCONJ
!	PUNCT
तो	PRON
म्हणाला	VERB
.	PUNCT

खुशमस्कऱ्या	NOUN
राजाकडे	NOUN
गेला	VERB
व	CCONJ
म्हणाला	VERB
,	PUNCT
राजा	NOUN
,	PUNCT
राजा	NOUN
,	PUNCT
त्या	DET
राजपुत्राची	NOUN
बहीण	NOUN
फार	ADJ
सुंदर	ADJ
आहे	AUX
.	PUNCT

ती	PRON
तुम्हालाच	PRON
शोभेल	VERB
.	PUNCT

तुम्ही	PRON
तिच्यासाठी	PRON
मागणी	NOUN
करा	VERB
!	PUNCT

ठीक	ADJ
आहे	AUX
,	PUNCT
राजा	NOUN
म्हणाला	VERB
.	PUNCT

दुसऱ्या	NUM
दिवशी	ADV
राजाने	NOUN
राजपुत्राला	NOUN
बोलावणे	VERB
धाडले	VERB
.	PUNCT

राजपुत्र	NOUN
आला	VERB
,	PUNCT
आसनावर	NOUN
बसला	VERB
.	PUNCT

कुशल	ADJ
प्रश्न	NOUN
झाल्यावर	AUX
राजा	NOUN
म्हणाला	VERB
,	PUNCT
तुमची	PRON
पत्नी	NOUN
फार	ADV
लावण्यवती	ADJ
आहे	AUX
असे	SCONJ
ऐकतो	VERB
.	PUNCT

ती	PRON
माझी	PRON
बहीण	NOUN
!	PUNCT

ती	PRON
माझी	PRON
राणी	NOUN
होऊ	VERB
दे	VERB
!	PUNCT

मी	PRON
तिला	PRON
विचारीन	VERB
!	PUNCT

कळवा	VERB
मला	PRON
काय	PRON
ते	PRON
!	PUNCT

राजपुत्र	NOUN
माघारी	ADV
आला	VERB
.	PUNCT

त्याने	PRON
बहिणीला	NOUN
सारी	ADJ
हकीगत	NOUN
सांगितली	VERB
.	PUNCT

ती	PRON
म्हणाली	VERB
,	PUNCT
राजाला	NOUN
सांग	VERB
मी	PRON
व्रती	NOUN
आहे	AUX
.	PUNCT

मी	PRON
कोणाची	PRON
राणी	NOUN
होऊ	VERB
शकत	AUX
नाही	AUX
!	PUNCT

राजपुत्राने	NOUN
राजाला	NOUN
त्याप्रमाणे	PRON
सांगितले	VERB
आणि	CCONJ
तो	PRON
परत	ADV
आला	VERB
.	PUNCT

राजा	NOUN
विचार	NOUN
करू	VERB
लागला	AUX
.	PUNCT

इतक्यात	ADV
तो	DET
खुशमस्कऱ्या	NOUN
आला	VERB
.	PUNCT

काय	PRON
उपाय	NOUN
?	PUNCT
राजाने	NOUN
विचारले	VERB
.	PUNCT

त्याला	PRON
म्हणावे	VERB
,	PUNCT
तुझी	PRON
बहीण	NOUN
तरी	ADV
दे	VERB
,	PUNCT
नाहीतर	CCONJ
रात्री	ADV
पायी	ADV
चाळीस	NUM
कोस	NOUN
चालत	VERB
जा	VERB
व	CCONJ
त्या	DET
अंधाऱ्या	ADJ
दरीतील	NOUN
पांढरी	ADJ
फुले	NOUN
घेऊन	VERB
उजाडत	VERB
हजर	NOUN
हो	VERB
,	PUNCT
नाहीतर	CCONJ
डोके	NOUN
उडवण्यात	VERB
येईल	AUX
!	PUNCT

राजपुत्राला	NOUN
निरोप	NOUN
कळविण्यात	VERB
आला	VERB
.	PUNCT

तो	PRON
रडत	VERB
बसला	VERB
.	PUNCT

बहीण	NOUN
येऊन	VERB
म्हणाली	VERB
,	PUNCT
दादा	NOUN
,	PUNCT
का	ADV
रडतोस	VERB
?	PUNCT

त्याने	PRON
तो	DET
वृत्तान्त	NOUN
सांगितला	VERB
.	PUNCT

ती	PRON
म्हणाली	VERB
,	PUNCT
गावाबाहेर	NOUN
जाऊन	VERB
दोन	NUM
कोसांवर	NOUN
बसून	VERB
राहा	VERB
.	PUNCT

चिंता	NOUN
नको	AUX
करूस	VERB
!	PUNCT

राजपुत्र	NOUN
पायी	ADV
निघाला	VERB
व	CCONJ
जाऊन	VERB
बसला	VERB
.	PUNCT

बहीण	NOUN
घरातून	NOUN
बाहेर	ADP
पडली	VERB
आणि	CCONJ
शहराबाहेर	NOUN
पडल्यावरती	VERB
हरिणी	NOUN
बनली	VERB
.	PUNCT

वाऱ्याप्रमाणे	NOUN
ती	PRON
पळत	VERB
सुटली	VERB
.	PUNCT

अंधाऱ्या	ADJ
दरीतील	NOUN
पांढरी	ADJ
फुले	NOUN
तिने	PRON
तोडली	VERB
.	PUNCT

ती	DET
फुले	NOUN
दातात	NOUN
धरून	VERB
सूर्योदयाच्या	NOUN
आत	ADV
ती	PRON
आली	VERB
.	PUNCT

पुन्हा	ADV
बहीण	NOUN
बनून	VERB
राजपुत्राजवळ	NOUN
ती	DET
फुले	NOUN
देऊन	VERB
ती	PRON
म्हणाली	VERB
,	PUNCT
जा	VERB
,	PUNCT
राजाला	NOUN
ही	DET
नेऊन	VERB
दे	VERB
!	PUNCT

राजपुत्राने	NOUN
ताऱ्याप्रमाणे	NOUN
चमकणारी	VERB
फुले	NOUN
राजाला	NOUN
नेऊन	VERB
दिली	VERB
.	PUNCT

निरोप	NOUN
घेऊन	VERB
तो	PRON
परत	ADV
घरी	ADV
आला	VERB
.	PUNCT

राजा	NOUN
खुशमस्कऱ्याला	NOUN
म्हणाला	VERB
,	PUNCT
आता	ADV
कोणता	PRON
उपाय	NOUN
?	PUNCT

त्याला	PRON
सांगा	VERB
कि	SCONJ
,	PUNCT
बहीण	NOUN
तरी	ADV
दे	VERB
किंवा	CCONJ
मागील	ADJ
राणीची	NOUN
समुद्रात	NOUN
पडलेली	VERB
नथ	NOUN
आणून	VERB
दे	VERB
,	PUNCT
नाहीतर	ADV
डोके	NOUN
उडवीन	VERB
!	PUNCT
खुशमस्कऱ्याने	NOUN
सुचविले	VERB
.	PUNCT

राजपुत्राला	NOUN
ती	DET
गोष्ट	NOUN
कळविण्यात	VERB
आली	VERB
.	PUNCT

राजपुत्र	NOUN
रडत	VERB
बसला	VERB
.	PUNCT

एक	NUM
भाऊ	NOUN
येऊन	VERB
म्हणाला	VERB
,	PUNCT
दादा	INTJ
,	PUNCT
का	ADV
रडतोस	VERB
?	PUNCT

रडू	VERB
नकोस	AUX
,	PUNCT
दादा	NOUN
.	PUNCT

शहराबाहेर	NOUN
जाऊन	VERB
बस	VERB
.	PUNCT

चिंता	NOUN
नको	AUX
करूस	VERB
!	PUNCT

राजपुत्र	NOUN
शहराबाहेर	NOUN
जाऊन	VERB
बसला	VERB
.	PUNCT

तो	DET
भाऊही	NOUN
बाहेर	ADP
गेला	VERB
आणि	CCONJ
तो	PRON
बेडूक	NOUN
बनला	VERB
.	PUNCT

डराव	INTJ
,	PUNCT
डराव	INTJ
करून	VERB
त्याने	PRON
बेडकांना	NOUN
हाका	NOUN
मारल्या	VERB
.	PUNCT

लाखो	ADJ
बेडूक	NOUN
जमा	ADV
झाले	VERB
.	PUNCT

तो	PRON
त्यांना	PRON
म्हणाला	VERB
,	PUNCT
त्या	DET
राजपुत्राने	NOUN
माझा	PRON
प्राण	NOUN
वाचविला	VERB
आहे	AUX
.	PUNCT

आपण	PRON
त्याच्यासाठी	PRON
काही	NOUN
करूया	VERB
.	PUNCT

आपण	PRON
समुद्रात	NOUN
रात्रभर	NOUN
पुन्हा	ADV
बुड्या	NOUN
मारू	VERB
.	PUNCT

मिळतील	VERB
ते	PRON
मोती	NOUN
तोंडात	NOUN
धरून	VERB
आणू	VERB
,	PUNCT
राजाच्या	ADP
अंगणात	NOUN
ढीग	NOUN
घालू	VERB
!	PUNCT

साऱ्या	ADJ
बेडकांनी	NOUN
ऐकले	VERB
आणि	CCONJ
त्याप्रमाणे	PRON
त्यांनी	PRON
केले	VERB
.	PUNCT

राजाच्या	NOUN
दारात	NOUN
झळाळणाऱ्या	VERB
मोत्यांचे	NOUN
ढीग	NOUN
पडले	VERB
.	PUNCT

भाऊ	NOUN
राजपुत्राकडे	NOUN
येऊन	VERB
म्हणाला	VERB
,	PUNCT
राजाला	NOUN
अंगणातील	NOUN
मोत्यांपैकी	NOUN
राणीच्या	NOUN
नथीचे	NOUN
मोती	NOUN
निवडून	VERB
घ्यायला	VERB
सांग	VERB
.	PUNCT

लाटांनी	NOUN
नथ	NOUN
मोडली	VERB
.	PUNCT

मोती	NOUN
अलग	ADJ
झाले	VERB
.	PUNCT

घ्या	VERB
म्हणावे	VERB
ओळखून	VERB
!	PUNCT

राजपुत्र	NOUN
राजाला	NOUN
तसे	ADV
सांगून	VERB
आपल्या	PRON
राजवाड्यात	NOUN
परत	ADV
आला	VERB
.	PUNCT

राजाने	NOUN
खुशमस्कऱ्याला	NOUN
विचारले	VERB
,	PUNCT
आता	ADV
काय	PRON
?	PUNCT

तो	PRON
स्वर्गात	NOUN
कसा	ADV
जाणार	VERB
?	PUNCT

तुमच्या	PRON
वडिलांना	NOUN
मेल्यावर	VERB
सरणावर	NOUN
घालून	VERB
स्वर्गात	NOUN
पाठविले	VERB
.	PUNCT

त्याच	DET
रस्त्याने	NOUN
राजपुत्राला	NOUN
पाठवू	VERB
!	PUNCT

राजपुत्राला	NOUN
ती	DET
गोष्ट	NOUN
कळविण्यात	VERB
आली	VERB
.	PUNCT

राजपुत्र	NOUN
सचिंत	ADV
होऊन	VERB
बसला	VERB
.	PUNCT

तो	DET
दुसरा	NUM
भाऊ	NOUN
येऊन	VERB
म्हणाला	VERB
,	PUNCT
दादा	NOUN
,	PUNCT
का	ADV
दु:खी	ADJ
?	PUNCT

राजपुत्राने	NOUN
सारी	ADJ
कथा	NOUN
सांगितली	VERB
.	PUNCT

रडू	VERB
नका	AUX
.	PUNCT

मी	PRON
देतो	VERB
तो	DET
रस	NOUN
अंगाला	NOUN
लावा	VERB
आणि	CCONJ
चितेवर	NOUN
निजा	VERB
.	PUNCT

तुम्हांला	PRON
वेदना	NOUN
होणार	VERB
नाहीत	AUX
;	PUNCT
परंतु	CCONJ
जळून	VERB
तर	ADV
जाल	VERB
.	PUNCT

राजाला	NOUN
सांगून	VERB
ठेवा	VERB
,	PUNCT
की	SCONJ
माझी	PRON
राख	NOUN
मात्र	ADV
माझ्या	PRON
घरी	ADV
पाठवा	VERB
!	PUNCT

राजपुत्र	NOUN
तो	DET
रस	NOUN
अंगाला	NOUN
लावून	VERB
राजाकडे	NOUN
गेला	VERB
.	PUNCT

माझी	PRON
राख	NOUN
माझ्या	PRON
घरी	ADV
पाठवा	VERB
असे	SCONJ
त्याने	PRON
सांगितले	VERB
.	PUNCT

हजारो	ADJ
लोक	NOUN
तो	DET
प्रकार	NOUN
पाहत	VERB
होते	AUX
.	PUNCT

चितेवर	NOUN
राजपुत्र	NOUN
निजला	VERB
.	PUNCT

अग्नी	NOUN
देण्यात	VERB
आला	VERB
.	PUNCT

गहरी	ADV
पेटली	VERB
चिता	NOUN
.	PUNCT

राजपुत्र	NOUN
जणू	ADV
शांत	ADV
झोपला	VERB
होता	AUX
.	PUNCT

त्याच्या	PRON
देहाची	NOUN
राख	NOUN
त्याच्या	PRON
घरी	ADV
पाठविण्यात	VERB
आली	VERB
.	PUNCT

रात्रीच्या	NOUN
वेळेस	NOUN
तो	DET
एक	NUM
भाऊ	NOUN
ती	DET
राख	NOUN
घेऊन	VERB
बाहेर	ADV
पडला	VERB
.	PUNCT

तो	PRON
सर्प	NOUN
बनला	VERB
.	PUNCT

राखेचे	NOUN
भांडे	NOUN
तोंडात	NOUN
धरून	VERB
तो	PRON
पाताळात	NOUN
गेला	VERB
.	PUNCT

त्याने	PRON
शेषाला	NOUN
सारा	ADJ
वृत्तान्त	NOUN
निवेदला	VERB
.	PUNCT

महाराज	NOUN
,	PUNCT
या	DET
राखेवर	NOUN
शिंपायला	VERB
अमृताचे	NOUN
चार	NUM
बिंदू	NOUN
द्या	VERB
,	PUNCT
सर्प	NOUN
म्हणाला	VERB
.	PUNCT

हा	DET
साप	NOUN
तुझ्याबरोबर	PRON
अमृतबिंदू	NOUN
घेऊन	VERB
पृथ्वीपर्यंत	NOUN
येईल	VERB
,	PUNCT
शेष	NOUN
म्हणाला	VERB
.	PUNCT

एक	DET
सर्प	NOUN
या	DET
सर्पाबरोबर	NOUN
निघाला	VERB
.	PUNCT

दोघे	PRON
पृथ्वीवर	NOUN
आले	VERB
.	PUNCT

पाताळातील	NOUN
सर्पाने	NOUN
राखेवर	NOUN
अमृत	NOUN
शिंपले	VERB
आणि	CCONJ
तो	PRON
निघून	VERB
गेला	VERB
.	PUNCT

राखेतून	NOUN
राजपुत्र	NOUN
उभा	ADV
राहिला	VERB
.	PUNCT

जवळ	ADV
भाऊही	NOUN
होता	AUX
.	PUNCT

तो	PRON
म्हणाला	VERB
,	PUNCT
दादा	NOUN
,	PUNCT
जा	VERB
व	CCONJ
राजाला	NOUN
सांगा	VERB
की	SCONJ
,	PUNCT
त्याच्या	PRON
वडिलांना	NOUN
स्वर्गात	NOUN
करमत	VERB
नाही	AUX
.	PUNCT

खुशमस्कऱ्याची	NOUN
आठवण	NOUN
येते	VERB
.	PUNCT

त्याला	PRON
लवकर	ADV
पाठवून	VERB
द्या	VERB
!	PUNCT

राजपुत्र	NOUN
परत	ADV
आलेला	VERB
पाहून	VERB
सारे	PRON
आश्चर्यचकित	ADJ
झाले	VERB
.	PUNCT

राजवाड्यासमोर	NOUN
ही	DET
गर्दी	NOUN
!	PUNCT

राजपुत्राने	NOUN
राजाला	NOUN
त्याच्या	PRON
वडिलांचा	NOUN
निरोप	NOUN
सांगितला	VERB
.	PUNCT

राजाने	NOUN
खुशमस्कऱ्यास	NOUN
बोलावले	VERB
व	CCONJ
सांगितले	VERB
,	PUNCT
अरे	INTJ
,	PUNCT
माझे	PRON
बाबा	NOUN
तुझी	PRON
आठवण	NOUN
काढीत	VERB
आहेत	AUX
.	PUNCT

जा	VERB
तू	PRON
त्यांच्याकडे	PRON
!	PUNCT

मी	PRON
कसा	ADV
जाऊ	VERB
?	PUNCT

या	DET
राजपुत्रास	NOUN
पाठविले	VERB
त्याच	DET
मार्गाने	NOUN
तूही	PRON
जा	VERB
!	PUNCT

लोकांनी	NOUN
टाळ्या	NOUN
पिटल्या	VERB
.	PUNCT

दुष्टाची	NOUN
बरी	ADJ
जिरली	VERB
!	PUNCT
कोणी	PRON
म्हणाले	VERB
.	PUNCT

राजपुत्र	NOUN
लगबगीने	NOUN
आपल्या	PRON
राजवाड्यात	NOUN
आला	VERB
व	CCONJ
भावंडांना	NOUN
म्हणाला	VERB
,	PUNCT
हा	DET
राजा	NOUN
लहरी	NOUN
दिसतो	VERB
.	PUNCT

वेडपट	NOUN
दिसतो	VERB
,	PUNCT
येथे	ADV
राहण्यात	VERB
अर्थ	NOUN
नाही	AUX
.	PUNCT

चला	VERB
आपण	PRON
जाऊ	VERB
.	PUNCT

रात्री	ADV
चौघे	ADJ
भावंडे	NOUN
निघाली	VERB
.	PUNCT

रात्रभर	NOUN
चालत	ADV
होती	AUX
.	PUNCT

बरोबर	ADV
फराळाचे	NOUN
होते	AUX
.	PUNCT

सकाळी	ADV
प्रातर्विधी	NOUN
करून	VERB
सर्वांनी	NOUN
फराळ	NOUN
केला	VERB
.	PUNCT

ती	PRON
पुन्हा	ADV
चालू	VERB
लागली	AUX
.	PUNCT

तो	DET
एक	NUM
भाऊ	NOUN
म्हणाला	VERB
,	PUNCT
दादा	NOUN
,	PUNCT
मला	PRON
निरोप	NOUN
दे	VERB
!	PUNCT

मी	PRON
जातो	VERB
!	PUNCT

मला	PRON
कंटाळलास	VERB
?	PUNCT

दादा	NOUN
,	PUNCT
मी	PRON
साप	NOUN
होतो	AUX
.	PUNCT

तुम्ही	PRON
माझी	PRON
भूक	NOUN
शमविण्यासाठी	VERB
मांडीचा	NOUN
तुकडा	NOUN
कापून	VERB
फेकलात	VERB
.	PUNCT

तुमचे	PRON
उपकार	NOUN
फेडावे	VERB
म्हणून	CCONJ
तुमचा	PRON
काही	ADJ
दिवस	NOUN
मी	PRON
भाऊ	NOUN
झालो	VERB
.	PUNCT

आम्ही	DET
सापही	NOUN
केलेले	VERB
उपकार	NOUN
स्मरतो	VERB
.	PUNCT

येतो	VERB
दादा	NOUN
,	PUNCT
सुखी	ADJ
व्हा	VERB
!	PUNCT
असे	SCONJ
म्हणून	VERB
तो	DET
भाऊ	NOUN
साप	NOUN
बनला	VERB
व	CCONJ
थोड्या	ADJ
अंतरावर	NOUN
फण्	INTJ
फण्	INTJ
करीत	VERB
निघून	VERB
गेला	VERB
.	PUNCT

थोड्या	ADJ
अंतरावर	NOUN
दुसरा	NUM
भाऊ	NOUN
म्हणाला	VERB
,	PUNCT
दादा	NOUN
,	PUNCT
मलाही	PRON
निरोप	NOUN
दे	VERB
!	PUNCT

का	ADV
रे	INTJ
जातोस	VERB
?	PUNCT

दादा	NOUN
,	PUNCT
मी	PRON
तो	DET
बेडूक	NOUN
.	PUNCT

सापाला	NOUN
मांडीचा	NOUN
तुकडा	NOUN
कापून	VERB
देऊन	VERB
माझे	PRON
प्राण	NOUN
तुम्ही	PRON
वाचविले	VERB
.	PUNCT

तुमचे	PRON
उपकार	NOUN
फेडण्यासाठी	VERB
मी	PRON
तुमचा	PRON
भाऊ	NOUN
बनलो	VERB
.	PUNCT

असे	SCONJ
म्हणून	VERB
तो	DET
भाऊ	NOUN
बेडूक	NOUN
बनला	VERB
व	CCONJ
टुणटुण	ADV
उड्या	NOUN
मारीत	VERB
निघून	VERB
गेला	VERB
.	PUNCT

पुन्हा	ADV
थोड्या	ADJ
अंतरावर	NOUN
बहीण	NOUN
म्हणाली	VERB
,	PUNCT
दादा	NOUN
,	PUNCT
मलाही	PRON
निरोप	NOUN
दे	VERB
!	PUNCT

तूही	PRON
चाललीस	VERB
?	PUNCT

पाडसे	NOUN
वाट	NOUN
पाहत	VERB
असतील	AUX
.	PUNCT

मी	PRON
ती	DET
हरिणी	NOUN
.	PUNCT

तू	PRON
माझ्यावर	PRON
बाण	NOUN
सोडणार	VERB
होतास	AUX
;	PUNCT
परंतु	CCONJ
तुझे	PRON
मातृप्रेम	NOUN
जागे	ADJ
झाले	VERB
.	PUNCT

तू	PRON
मला	PRON
मारले	VERB
नाहीस	AUX
.	PUNCT

तुझे	PRON
उपकार	NOUN
फेडायला	VERB
मी	PRON
बहीण	NOUN
झाले	VERB
.	PUNCT

आता	ADV
जाते	VERB
.	PUNCT

सुखी	ADJ
हो	VERB
.	PUNCT

असाच	ADJ
दयाळू	ADJ
-	PUNCT
मायाळू	ADJ
हो	VERB
!	PUNCT

बहीण	NOUN
हरिणी	NOUN
बनून	VERB
कृतज्ञतेने	NOUN
मधून	ADV
मधून	ADV
मागे	ADV
बघत	VERB
वाऱ्याप्रमाणे	NOUN
पाडसांकडे	NOUN
पळत	VERB
गेली	VERB
.	PUNCT

राजपुत्र	NOUN
आता	ADV
एकटाच	ADJ
राहिला	VERB
.	PUNCT

विचार	NOUN
करीत	VERB
तो	PRON
निघाला	VERB
.	PUNCT

पशु	NOUN
-	PUNCT
पक्ष्यांतही	NOUN
केवढी	ADJ
कृतज्ञताबुद्धी	NOUN
!	PUNCT
असे	SCONJ
त्याच्या	PRON
मनात	NOUN
येत	VERB
होते	AUX
.	PUNCT

मग	ADV
माणसाने	NOUN
किती	ADV
चांगले	ADJ
असले	AUX
पाहिजे	AUX
,	PUNCT
असा	ADJ
विचार	NOUN
त्याच्या	PRON
मनात	NOUN
आला	VERB
आणि	CCONJ
या	DET
विचारात	NOUN
तो	PRON
आपल्या	PRON
घरी	ADV
आला	VERB
.	PUNCT

पहाटेची	NOUN
वेळ	NOUN
होती	AUX
.	PUNCT

मुलगा	NOUN
गेल्यापासून	VERB
राणीला	NOUN
झोप	NOUN
येत	VERB
नसे	AUX
.	PUNCT

ती	PRON
गच्चीत	NOUN
उभी	ADJ
होती	AUX
.	PUNCT

देवाला	NOUN
प्रार्थना	NOUN
करत	VERB
होती	AUX
.	PUNCT

कोण	PRON
आहे	AUX
?	PUNCT

पहारेकऱ्यांनी	NOUN
दरडावले	VERB
.	PUNCT

मी	PRON
राजपुत्र	NOUN
.	PUNCT

माझा	PRON
बाळ	NOUN
!	PUNCT

माझा	PRON
बाळ	NOUN
!	PUNCT

म्हणत	VERB
राणी	NOUN
धावतच	VERB
खाली	ADV
आली	VERB
.	PUNCT

तिने	PRON
राजपुत्राला	NOUN
हृदयाशी	NOUN
धरले	VERB
.	PUNCT

राजाही	NOUN
आला	VERB
.	PUNCT

पुत्र	NOUN
पित्याच्या	NOUN
पाया	NOUN
पडला	VERB
.	PUNCT

शहाणा	ADJ
होऊन	VERB
आलास	VERB
?	PUNCT
राजाने	NOUN
विचारले	VERB
.	PUNCT

होय	INTJ
तात	NOUN
!	PUNCT

तो	PRON
नम्रतेने	NOUN
म्हणाला	VERB
.	PUNCT

राजाने	NOUN
राजपुत्राला	NOUN
गादीवर	NOUN
बसविले	VERB
.	PUNCT

त्याचे	PRON
लग्नही	NOUN
करून	VERB
दिले	VERB
.	PUNCT

राजा	NOUN
-	PUNCT
राणी	NOUN
मुलाला	NOUN
व	CCONJ
सुनेला	NOUN
आशीर्वाद	NOUN
देऊन	VERB
तपश्चर्येसाठी	NOUN
वनात	NOUN
निघून	VERB
गेली	VERB
.	PUNCT

नवीन	ADJ
राजा	NOUN
-	PUNCT
राणी	NOUN
उत्कृष्ठ	ADV
राज्यकारभार	NOUN
चालवू	VERB
लागली	AUX
.	PUNCT

सारी	ADJ
प्रजा	NOUN
सुखी	ADJ
झाली	VERB
.	PUNCT

तुम्ही	PRON
आम्ही	PRON
होऊया	VERB
.	PUNCT

गोष्ट	NOUN
आमची	PRON
संपली	VERB
.	PUNCT

शेरभर	NOUN
साखर	NOUN
वाटली	VERB

हवामान	NOUN
आज	ADV
चांगले	ADJ
आहे	AUX
,	PUNCT
खूप	ADV
गरम	ADJ
आहे	AUX
.	PUNCT

पण	CCONJ
काल	ADV
खूप	ADV
गार	ADJ
होते	AUX
!	PUNCT

ते	PRON
तेंव्हा	ADV
बाहेर	ADV
खेळू	VERB
शकले	AUX
नाहीत	AUX
.	PUNCT

जेम्स	PROPN
एक	DET
लहान	ADJ
मुलगा	NOUN
आहे	AUX
आणि	CCONJ
तो	PRON
सहा	NUM
वर्षाचा	NOUN
आहे	AUX
.	PUNCT

ती	DET
छोटी	ADJ
मुलगी	NOUN
त्याची	PRON
बहीण	NOUN
आहे	AUX
,	PUNCT
ती	PRON
पाच	NUM
वर्षाची	NOUN
आहे	AUX
.	PUNCT

जेम्सचा	PROPN
एक	DET
छोटा	ADJ
कुत्रा	NOUN
आहे	AUX
,	PUNCT
कुत्रासुद्धा	NOUN
आता	ADV
बागेत	NOUN
आहे	AUX
.	PUNCT

त्या	DET
कुत्र्याला	NOUN
ह्या	DET
दोन	NUM
मुलांशी	NOUN
खेळायला	VERB
आवडते	VERB
.	PUNCT

कुत्रा	NOUN
आता	ADV
खूप	ADV
खुश	ADJ
आहे	AUX
.	PUNCT

मेरीकडे	PROPN
पण	ADV
कुत्रा	NOUN
आहे	AUX
का	ADV
?	PUNCT

नाही	INTJ
,	PUNCT
मेरीकडे	PROPN
कुत्रा	NOUN
नाही	AUX
आहे	AUX
,	PUNCT
तिच्याकडे	PRON
मांजर	NOUN
आहे	AUX
.	PUNCT

पण	CCONJ
ते	DET
मांजर	NOUN
घरात	NOUN
आहे	AUX
,	PUNCT
मांजर	NOUN
झोपले	VERB
आहे	AUX
.	PUNCT

त्यांची	PRON
आई	NOUN
घरात	NOUN
मांजराबरोबर	NOUN
आहे	AUX
,	PUNCT
ती	PRON
खिडकीतनं	NOUN
बघते	VERB
आणि	CCONJ
तिला	PRON
जेम्स	PROPN
आणि	CCONJ
मेरी	PROPN
खेळताना	VERB
दिसतात	VERB
.	PUNCT

जेम्स	PROPN
पटकन	ADV
एका	DET
मोठ्या	ADJ
,	PUNCT
जुन्या	ADJ
झाडापर्यंत	NOUN
पळतो	VERB
,	PUNCT
तो	PRON
मेरीपासुन	PROPN
लपत	VERB
आहे	AUX
.	PUNCT

तुला	PRON
कारण	NOUN
माहित	ADV
आहे	AUX
का	ADV
?	PUNCT

मेरी	PROPN
बसली	VERB
आहे	AUX
,	PUNCT
आणि	CCONJ
तिचे	PRON
हात	NOUN
तिच्या	PRON
डोळ्यांसमोर	NOUN
आहेत	AUX
.	PUNCT

तिला	PRON
काही	PRON
दिसत	VERB
नाही	AUX
आहे	AUX
,	PUNCT
आणि	CCONJ
ती	PRON
मोजत	VERB
आहे	AUX
.	PUNCT

ती	PRON
तसं	ADV
का	ADV
करते	VERB
?	PUNCT

आणि	CCONJ
जेम्स	PROPN
झाडाजवळ	NOUN
काय	PRON
करत	VERB
आहे	AUX
?	PUNCT

तो	PRON
एक	DET
खेळ	NOUN
आहे	AUX
.	PUNCT

मेरीचं	NOUN
मोजून	VERB
झाल्यावर	VERB
ती	PRON
आवतीभोवती	ADV
बघते	VERB
.	PUNCT

ती	PRON
जेम्सला	PROPN
शोधत	VERB
आहे	AUX
.	PUNCT

"	PUNCT
तुला	PRON
माहित	ADV
आहे	AUX
का	ADV
,	PUNCT
तो	PRON
कुठे	ADV
आहे	AUX
?	PUNCT
"	PUNCT

जेम्स	PROPN
कुठे	ADV
आहे	AUX
,	PUNCT
हे	PRON
मेरीला	PROPN
माहित	NOUN
नाही	AUX
.	PUNCT

ती	PRON
कुत्र्याला	NOUN
विचारते	VERB
,	PUNCT
तुला	PRON
जेम्स	PROPN
दिसला	VERB
का	ADV
?	PUNCT

पण	CCONJ
कुत्रा	NOUN
तर	ADV
बोलूच	VERB
शकत	VERB
नाही	AUX
!	PUNCT

म्हणून	SCONJ
मेरीला	NOUN
तिच्या	PRON
प्रश्नाला	NOUN
काही	DET
उत्तर	NOUN
मिळत	VERB
नाही	AUX
.	PUNCT

लोकांना	NOUN
कुत्र्यांशी	NOUN
बोलल्यावर	VERB
काही	DET
उत्तर	NOUN
मिळत	VERB
नाही	AUX
!	PUNCT

मेरी	PROPN
खिडकीच्या	NOUN
मागे	ADP
तिच्या	PRON
आईकडे	NOUN
बघते	VERB
,	PUNCT
तिची	PRON
आई	NOUN
हसत	VERB
आहे	AUX
.	PUNCT

मेरीला	PROPN
वाटते	VERB
कि	SCONJ
तिच्या	PRON
आईला	NOUN
जेम्स	PROPN
कुठे	ADV
गेला	VERB
,	PUNCT
हे	PRON
माहित	ADV
आहे	AUX
.	PUNCT

"	PUNCT
सांग	VERB
मला	PRON
,	PUNCT
तो	PRON
कुठे	ADV
आहे	AUX
!	PUNCT
"	PUNCT
,	PUNCT
ती	PRON
तिच्या	PRON
आईला	NOUN
म्हणते	VERB
.	PUNCT

"	PUNCT
नाही	INTJ
मेरी	PROPN
,	PUNCT
मी	PRON
तुला	PRON
सांगू	VERB
शकत	VERB
नाही	AUX
"	PUNCT
ती	PRON
उत्तर	NOUN
देते	VERB
.	PUNCT

तिला	PRON
बहुतेक	ADV
माहित	ADV
आहे	AUX
,	PUNCT
तो	PRON
कुठे	ADV
आहे	AUX
,	PUNCT
पण	CCONJ
तिला	PRON
हे	PRON
सांगायचे	VERB
नाही	AUX
आहे	AUX
.	PUNCT

मेरी	PROPN
सावकाश	ADV
बागेत	NOUN
चालते	VERB
.	PUNCT

ती	PRON
अजून	ADV
जेम्सला	PROPN
शोधायचा	VERB
प्रयत्न	NOUN
करत	VERB
आहे	AUX
.	PUNCT

ती	PRON
टेबलाखाली	NOUN
आणि	CCONJ
खुर्च्यांच्याखाली	NOUN
बघते	VERB
,	PUNCT
पण	CCONJ
जेम्स	PROPN
तिकडे	ADV
नाही	AUX
आहे	AUX
.	PUNCT

ती	PRON
सगळीकडे	ADV
शोधते	VERB
पण	CCONJ
तिला	PRON
जेम्स	PROPN
सापडत	VERB
नाही	AUX
.	PUNCT

मग	ADV
तिला	PRON
आवाज	NOUN
ऐकू	VERB
येतो	VERB
,	PUNCT
तो	PRON
त्या	DET
मोठ्या	ADJ
जुन्या	ADJ
झाडाच्या	NOUN
मागून	ADV
येत	VERB
आहे	AUX
.	PUNCT

तो	PRON
जेम्स	PROPN
असेल	AUX
का	ADV
?	PUNCT

तोच	DET
आवाज	NOUN
परत	ADV
येत	VERB
आहे	AUX
!	PUNCT

तो	PRON
पक्षी	NOUN
किंवा	CCONJ
प्राणी	NOUN
नाही	AUX
आहे	AUX
.	PUNCT

तिला	PRON
आता	ADV
तो	PRON
नीट	ADV
ऐकू	VERB
येत	VERB
आहे	AUX
.	PUNCT

तो	PRON
जेम्सच	PROPN
असेल	AUX
!	PUNCT

मग	ADV
तिला	PRON
एक	DET
छोटा	ADJ
हात	NOUN
दिसतो	VERB
आणि	CCONJ
जवळ	ADV
गेल्यावर	VERB
त्याचं	PRON
डोकं	NOUN
पण	ADV
दिसतं	VERB
.	PUNCT

ती	PRON
हसून	VERB
म्हणते	VERB
,	PUNCT
"	PUNCT
मला	PRON
तू	PRON
सापडलास	VERB
!	PUNCT
"	PUNCT
.	PUNCT

मी	PRON
म्हणून	ADV
तुला	PRON
इतकी	ADJ
किंमत	NOUN
देत	VERB
आहे	AUX
.	PUNCT

अरे	INTJ
,	PUNCT
आजूबाजूला	NOUN
आता	ADV
सगळीकडे	ADV
माझी	PRON
जमीन	NOUN
!	PUNCT

मध्ये	ADP
तुझेच	PRON
हे	DET
शेत	NOUN
आडवे	ADJ
येते	VERB
.	PUNCT

मी	PRON
सांगतो	VERB
ऐक	VERB
.	PUNCT

"	PUNCT
आढेवेढे	NOUN
नको	AUX
घेऊस	VERB
!	PUNCT
"	PUNCT
केशवचंद्र	PROPN
म्हणाले	VERB
.	PUNCT

"	PUNCT
माझी	PRON
जमीन	NOUN
विकणार	VERB
नाही	AUX
.	PUNCT

गावातली	NOUN
सगळी	ADJ
जमीन	NOUN
तुम्ही	PRON
या	DET
ना	CCONJ
त्या	DET
मार्गाने	NOUN
आपलीशी	ADJ
केलीत	VERB
.	PUNCT

राग	NOUN
नका	AUX
मानू	VERB
दादा	INTJ
;	PUNCT
परंतु	CCONJ
खरे	ADJ
ते	PRON
मी	PRON
सांगतो	VERB
.	PUNCT

वाडवडिलांपासून	NOUN
चालत	VERB
आलेली	VERB
ही	DET
जमीन	NOUN
.	PUNCT

ही	PRON
का	ADV
मी	PRON
विकू	VERB
?	PUNCT

आईला	NOUN
का	ADV
कोणी	PRON
विकतो	VERB
?	PUNCT

राहू	VERB
द्या	AUX
एवढी	ADJ
जमीन	NOUN
.	PUNCT

पोटापुरे	ADV
ती	PRON
देते	VERB
.	PUNCT

मुलेबाळे	NOUN
तेथे	ADV
येतात	VERB
,	PUNCT
खपतात	VERB
,	PUNCT
खेळतात	VERB
.	PUNCT

"	PUNCT
सत्तेची	NOUN
जमीन	NOUN
सोडू	VERB
नये	AUX
,	PUNCT
दादा	INTJ
!	PUNCT
"	PUNCT
भीमा	PROPN
म्हणाला	VERB
.	PUNCT

"	PUNCT
भीमा	PROPN
,	PUNCT
जमीन	NOUN
नाही	AUX
ना	INTJ
देत	VERB
?	PUNCT
"	PUNCT

"	PUNCT
कशी	ADV
द्यायची	VERB
?	PUNCT
"	PUNCT

"	PUNCT
नाही	INTJ
,	PUNCT
त्रिवार	ADV
नाही	AUX
!	PUNCT
"	PUNCT

"	PUNCT
याद	NOUN
राख	VERB
!	PUNCT
"	PUNCT

तुझी	PRON
ही	DET
मगरूर	ADJ
वृत्ती	NOUN
तुला	PRON
मातीत	NOUN
मिळवल्याशिवाय	VERB
राहणार	VERB
नाही	AUX
.	PUNCT

माझी	PRON
गिधाडी	ADJ
दृष्टी	NOUN
तुला	PRON
भिकेला	NOUN
लावल्याशिवाय	VERB
राहणार	VERB
नाही	AUX
!	PUNCT
"	PUNCT

"	PUNCT
देव	NOUN
काही	ADV
मेला	VERB
नाही	AUX
,	PUNCT
केशवबाबा	PROPN
!	PUNCT
"	PUNCT

देव	NOUN
माझ्या	PRON
तिजोरीत	NOUN
आहे	AUX
!	PUNCT

"	PUNCT
माझा	PRON
देव	NOUN
सर्व	ADJ
जग	NOUN
व्यापून	VERB
राहिलेला	VERB
आहे	AUX
!	PUNCT
"	PUNCT

हे	DET
तुझे	PRON
शेत	NOUN
गेले	VERB
समज	VERB
आणि	CCONJ
तुला	PRON
पैही	NOUN
न	ADV
मिळता	VERB
.	PUNCT

आज	ADV
मी	PRON
तुला	PRON
तू	PRON
मागशील	VERB
ती	DET
किंमत	NOUN
द्यायला	VERB
तयार	ADV
झालो	AUX
होतो	AUX
;	PUNCT
परंतु	CCONJ
तुझी	PRON
बुद्धी	NOUN
भ्रष्ट	ADJ
झाली	AUX
आहे	AUX
.	PUNCT

"	PUNCT
तू	PRON
तरी	SCONJ
काय	PRON
करशील	VERB
?	PUNCT
"	PUNCT

असे	ADJ
धमकीचे	NOUN
भाषण	NOUN
करून	VERB
केशवचंद्र	PROPN
निघून	VERB
गेले	VERB
.	PUNCT

शेतातील	NOUN
विहिरीच्या	NOUN
काठी	NOUN
भीमा	PROPN
बसला	VERB
होता	AUX
.	PUNCT

त्याचे	PRON
ते	DET
लहानसे	ADJ
शेत	NOUN
;	PUNCT
परंतु	CCONJ
खरेच	ADJ
सोने	NOUN
पिकवी	VERB
.	PUNCT

भीमाच्या	PROPN
वाडवडिलांच्या	NOUN
हातची	NOUN
तेथे	ADV
झाडे	NOUN
होती	AUX
.	PUNCT

त्यानेही	PRON
दोन	NUM
-	PUNCT
चार	NUM
कलमे	NOUN
लावली	VERB
होती	AUX
.	PUNCT

विहिरीच्या	NOUN
कडेला	NOUN
फुलझाडे	NOUN
होती	AUX
.	PUNCT

पलीकडे	ADP
त्याचा	PRON
लहानसा	ADJ
गोठा	NOUN
होता	AUX
.	PUNCT

भीमाचा	PROPN
शब्द	NOUN
ऐकताच	VERB
गोठ्यातील	NOUN
गाय	NOUN
हंबरायची	VERB
.	PUNCT

खरोखरच	ADV
त्या	DET
शेतावर	NOUN
भीमाचे	PROPN
जीव	NOUN
की	CCONJ
प्राण	NOUN
प्रेम	NOUN
होते	AUX
.	PUNCT
